old_path,new_path,loader,realm,legacy_token_count,path_decision,status
lua/ace/client/cl_acemenu_gui.lua,lua/ace/client/cl_acemenu_gui.lua,GMod addon loader,static-path-classification,12,retain-candidate,review-required
lua/ace/client/cl_acemenu_missileui.lua,lua/ace/client/cl_acemenu_missileui.lua,GMod addon loader,static-path-classification,0,retain-candidate,inventory-confirmed
lua/ace/client/cl_acfballistics.lua,lua/ace/client/cl_acfballistics.lua,GMod addon loader,static-path-classification,0,retain-candidate,inventory-confirmed
lua/ace/client/cl_acfpermission.lua,lua/ace/client/cl_acfpermission.lua,GMod addon loader,static-path-classification,3,retain-candidate,review-required
lua/ace/client/cl_acfrender.lua,lua/ace/client/cl_acfrender.lua,GMod addon loader,static-path-classification,11,retain-candidate,review-required
lua/ace/client/cl_soundbase.lua,lua/ace/client/cl_soundbase.lua,GMod addon loader,static-path-classification,13,retain-candidate,review-required
lua/ace/client/gui/cl_acfsetpermission.lua,lua/ace/client/gui/cl_acfsetpermission.lua,GMod addon loader,static-path-classification,0,retain-candidate,inventory-confirmed
lua/ace/server/permissionmodes/acf_pmode_battle.lua,lua/ace/server/permissionmodes/ace_pmode_battle.lua,GMod addon loader,static-path-classification,1,rename-candidate,review-required
lua/ace/server/permissionmodes/acf_pmode_build.lua,lua/ace/server/permissionmodes/ace_pmode_build.lua,GMod addon loader,static-path-classification,1,rename-candidate,review-required
lua/ace/server/permissionmodes/acf_pmode_godbased.lua,lua/ace/server/permissionmodes/ace_pmode_godbased.lua,GMod addon loader,static-path-classification,0,rename-candidate,review-required
lua/ace/server/permissionmodes/acf_pmode_none.lua,lua/ace/server/permissionmodes/ace_pmode_none.lua,GMod addon loader,static-path-classification,0,rename-candidate,review-required
lua/ace/server/permissionmodes/acf_pmode_safe.lua,lua/ace/server/permissionmodes/ace_pmode_safe.lua,GMod addon loader,static-path-classification,0,rename-candidate,review-required
lua/ace/server/permissionmodes/acf_pmode_strictbuild.lua,lua/ace/server/permissionmodes/ace_pmode_strictbuild.lua,GMod addon loader,static-path-classification,1,rename-candidate,review-required
lua/ace/server/sv_acfballistics.lua,lua/ace/server/sv_acfballistics.lua,GMod addon loader,static-path-classification,0,retain-candidate,inventory-confirmed
lua/ace/server/sv_acfbase.lua,lua/ace/server/sv_acfbase.lua,GMod addon loader,static-path-classification,3,retain-candidate,review-required
lua/ace/server/sv_acfdamage.lua,lua/ace/server/sv_acfdamage.lua,GMod addon loader,static-path-classification,17,retain-candidate,review-required
lua/ace/server/sv_acfpermission.lua,lua/ace/server/sv_acfpermission.lua,GMod addon loader,static-path-classification,0,retain-candidate,inventory-confirmed
lua/ace/server/sv_adminsettings.lua,lua/ace/server/sv_adminsettings.lua,GMod addon loader,static-path-classification,0,retain-candidate,inventory-confirmed
lua/ace/server/sv_contraption.lua,lua/ace/server/sv_contraption.lua,GMod addon loader,static-path-classification,25,retain-candidate,review-required
lua/ace/server/sv_contraptionlegality.lua,lua/ace/server/sv_contraptionlegality.lua,GMod addon loader,static-path-classification,3,retain-candidate,review-required
lua/ace/server/sv_crewseat_base.lua,lua/ace/server/sv_crewseat_base.lua,GMod addon loader,static-path-classification,0,retain-candidate,inventory-confirmed
lua/ace/server/sv_heat.lua,lua/ace/server/sv_heat.lua,GMod addon loader,static-path-classification,0,retain-candidate,inventory-confirmed
lua/ace/server/sv_legality.lua,lua/ace/server/sv_legality.lua,GMod addon loader,static-path-classification,0,retain-candidate,inventory-confirmed
lua/ace/server/sv_pointshandling.lua,lua/ace/server/sv_pointshandling.lua,GMod addon loader,static-path-classification,4,retain-candidate,review-required
lua/ace/shared/ammocrates/acfcratelist.lua,lua/ace/shared/ammocrates/acfcratelist.lua,GMod addon loader,static-path-classification,43,rename-candidate,review-required
lua/ace/shared/ammocrates/ammocrates.lua,lua/ace/shared/ammocrates/ammocrates.lua,GMod addon loader,static-path-classification,0,retain-candidate,inventory-confirmed
lua/ace/shared/ammocrates/ammocrates_legacy.lua,lua/ace/shared/ammocrates/ammocrates_legacy.lua,GMod addon loader,static-path-classification,0,retain-candidate,inventory-confirmed
lua/ace/shared/armor/aluminum.lua,lua/ace/shared/armor/aluminum.lua,GMod addon loader,static-path-classification,0,retain-candidate,inventory-confirmed
lua/ace/shared/armor/cast.lua,lua/ace/shared/armor/cast.lua,GMod addon loader,static-path-classification,0,retain-candidate,inventory-confirmed
lua/ace/shared/armor/ceramic.lua,lua/ace/shared/armor/ceramic.lua,GMod addon loader,static-path-classification,0,retain-candidate,inventory-confirmed
lua/ace/shared/armor/du.lua,lua/ace/shared/armor/du.lua,GMod addon loader,static-path-classification,0,retain-candidate,inventory-confirmed
lua/ace/shared/armor/era.lua,lua/ace/shared/armor/era.lua,GMod addon loader,static-path-classification,0,retain-candidate,inventory-confirmed
lua/ace/shared/armor/rha.lua,lua/ace/shared/armor/rha.lua,GMod addon loader,static-path-classification,0,retain-candidate,inventory-confirmed
lua/ace/shared/armor/rubber.lua,lua/ace/shared/armor/rubber.lua,GMod addon loader,static-path-classification,0,retain-candidate,inventory-confirmed
lua/ace/shared/armor/textolite.lua,lua/ace/shared/armor/textolite.lua,GMod addon loader,static-path-classification,0,retain-candidate,inventory-confirmed
lua/ace/shared/armor/titanium.lua,lua/ace/shared/armor/titanium.lua,GMod addon loader,static-path-classification,0,retain-candidate,inventory-confirmed
lua/ace/shared/compatibility/cppiCompatibility.lua,lua/ace/shared/compatibility/cppiCompatibility.lua,GMod addon loader,static-path-classification,0,retain-candidate,inventory-confirmed
lua/ace/shared/crewseats/crewseats.lua,lua/ace/shared/crewseats/crewseats.lua,GMod addon loader,static-path-classification,0,retain-candidate,inventory-confirmed
lua/ace/shared/engines/ace_engine_properties.lua,lua/ace/shared/engines/ace_engine_properties.lua,GMod addon loader,static-path-classification,0,retain-candidate,inventory-confirmed
lua/ace/shared/engines/b4.lua,lua/ace/shared/engines/b4.lua,GMod addon loader,static-path-classification,7,retain-candidate,review-required
lua/ace/shared/engines/b6.lua,lua/ace/shared/engines/b6.lua,GMod addon loader,static-path-classification,10,retain-candidate,review-required
lua/ace/shared/engines/electric.lua,lua/ace/shared/engines/electric.lua,GMod addon loader,static-path-classification,7,retain-candidate,review-required
lua/ace/shared/engines/i2.lua,lua/ace/shared/engines/i2.lua,GMod addon loader,static-path-classification,2,retain-candidate,review-required
lua/ace/shared/engines/i3.lua,lua/ace/shared/engines/i3.lua,GMod addon loader,static-path-classification,6,retain-candidate,review-required
lua/ace/shared/engines/i4.lua,lua/ace/shared/engines/i4.lua,GMod addon loader,static-path-classification,6,retain-candidate,review-required
lua/ace/shared/engines/i5.lua,lua/ace/shared/engines/i5.lua,GMod addon loader,static-path-classification,4,retain-candidate,review-required
lua/ace/shared/engines/i6.lua,lua/ace/shared/engines/i6.lua,GMod addon loader,static-path-classification,6,retain-candidate,review-required
lua/ace/shared/engines/radial.lua,lua/ace/shared/engines/radial.lua,GMod addon loader,static-path-classification,4,retain-candidate,review-required
lua/ace/shared/engines/rotary.lua,lua/ace/shared/engines/rotary.lua,GMod addon loader,static-path-classification,3,retain-candidate,review-required
lua/ace/shared/engines/single.lua,lua/ace/shared/engines/single.lua,GMod addon loader,static-path-classification,3,retain-candidate,review-required
lua/ace/shared/engines/special.lua,lua/ace/shared/engines/special.lua,GMod addon loader,static-path-classification,11,retain-candidate,review-required
lua/ace/shared/engines/turbine.lua,lua/ace/shared/engines/turbine.lua,GMod addon loader,static-path-classification,14,retain-candidate,review-required
lua/ace/shared/engines/v10.lua,lua/ace/shared/engines/v10.lua,GMod addon loader,static-path-classification,4,retain-candidate,review-required
lua/ace/shared/engines/v12.lua,lua/ace/shared/engines/v12.lua,GMod addon loader,static-path-classification,11,retain-candidate,review-required
lua/ace/shared/engines/v2.lua,lua/ace/shared/engines/v2.lua,GMod addon loader,static-path-classification,3,retain-candidate,review-required
lua/ace/shared/engines/v4.lua,lua/ace/shared/engines/v4.lua,GMod addon loader,static-path-classification,2,retain-candidate,review-required
lua/ace/shared/engines/v6.lua,lua/ace/shared/engines/v6.lua,GMod addon loader,static-path-classification,5,retain-candidate,review-required
lua/ace/shared/engines/v8.lua,lua/ace/shared/engines/v8.lua,GMod addon loader,static-path-classification,6,retain-candidate,review-required
lua/ace/shared/entities/crewseats.lua,lua/ace/shared/entities/crewseats.lua,GMod addon loader,static-path-classification,0,retain-candidate,inventory-confirmed
lua/ace/shared/entities/gforce_meter.lua,lua/ace/shared/entities/gforce_meter.lua,GMod addon loader,static-path-classification,0,retain-candidate,inventory-confirmed
lua/ace/shared/entities/wind_sensor.lua,lua/ace/shared/entities/wind_sensor.lua,GMod addon loader,static-path-classification,0,retain-candidate,inventory-confirmed
lua/ace/shared/explosives/ace_explosives.lua,lua/ace/shared/explosives/ace_explosives.lua,GMod addon loader,static-path-classification,0,retain-candidate,inventory-confirmed
lua/ace/shared/extras/extras.lua,lua/ace/shared/extras/extras.lua,GMod addon loader,static-path-classification,0,retain-candidate,inventory-confirmed
lua/ace/shared/fueltanks/basic.lua,lua/ace/shared/fueltanks/basic.lua,GMod addon loader,static-path-classification,0,retain-candidate,inventory-confirmed
lua/ace/shared/fuses/a_contact.lua,lua/ace/shared/fuses/a_contact.lua,GMod addon loader,static-path-classification,0,retain-candidate,inventory-confirmed
lua/ace/shared/fuses/b_optical.lua,lua/ace/shared/fuses/b_optical.lua,GMod addon loader,static-path-classification,0,retain-candidate,inventory-confirmed
lua/ace/shared/fuses/c_radio.lua,lua/ace/shared/fuses/c_radio.lua,GMod addon loader,static-path-classification,8,retain-candidate,review-required
lua/ace/shared/fuses/d_timed.lua,lua/ace/shared/fuses/d_timed.lua,GMod addon loader,static-path-classification,0,retain-candidate,inventory-confirmed
lua/ace/shared/fuses/e_plunging.lua,lua/ace/shared/fuses/e_plunging.lua,GMod addon loader,static-path-classification,0,retain-candidate,inventory-confirmed
lua/ace/shared/fuses/f_overshoot.lua,lua/ace/shared/fuses/f_overshoot.lua,GMod addon loader,static-path-classification,0,retain-candidate,inventory-confirmed
lua/ace/shared/fuses/g_altitude.lua,lua/ace/shared/fuses/g_altitude.lua,GMod addon loader,static-path-classification,0,retain-candidate,inventory-confirmed
lua/ace/shared/gearboxes/4-speed.lua,lua/ace/shared/gearboxes/4-speed.lua,GMod addon loader,static-path-classification,0,retain-candidate,inventory-confirmed
lua/ace/shared/gearboxes/6-speed.lua,lua/ace/shared/gearboxes/6-speed.lua,GMod addon loader,static-path-classification,0,retain-candidate,inventory-confirmed
lua/ace/shared/gearboxes/8-speed.lua,lua/ace/shared/gearboxes/8-speed.lua,GMod addon loader,static-path-classification,0,retain-candidate,inventory-confirmed
lua/ace/shared/gearboxes/9-speed.lua,lua/ace/shared/gearboxes/9-speed.lua,GMod addon loader,static-path-classification,0,retain-candidate,inventory-confirmed
lua/ace/shared/gearboxes/automatic.lua,lua/ace/shared/gearboxes/automatic.lua,GMod addon loader,static-path-classification,0,retain-candidate,inventory-confirmed
lua/ace/shared/gearboxes/clutch.lua,lua/ace/shared/gearboxes/clutch.lua,GMod addon loader,static-path-classification,0,retain-candidate,inventory-confirmed
lua/ace/shared/gearboxes/cvt.lua,lua/ace/shared/gearboxes/cvt.lua,GMod addon loader,static-path-classification,0,retain-candidate,inventory-confirmed
lua/ace/shared/gearboxes/differential.lua,lua/ace/shared/gearboxes/differential.lua,GMod addon loader,static-path-classification,0,retain-candidate,inventory-confirmed
lua/ace/shared/gearboxes/doublediff.lua,lua/ace/shared/gearboxes/doublediff.lua,GMod addon loader,static-path-classification,0,retain-candidate,inventory-confirmed
lua/ace/shared/gearboxes/transfer.lua,lua/ace/shared/gearboxes/transfer.lua,GMod addon loader,static-path-classification,0,retain-candidate,inventory-confirmed
lua/ace/shared/guidances/a_dumb.lua,lua/ace/shared/guidances/a_dumb.lua,GMod addon loader,static-path-classification,0,retain-candidate,inventory-confirmed
lua/ace/shared/guidances/b_wire.lua,lua/ace/shared/guidances/b_wire.lua,GMod addon loader,static-path-classification,0,retain-candidate,inventory-confirmed
lua/ace/shared/guidances/c_antimissile.lua,lua/ace/shared/guidances/c_antimissile.lua,GMod addon loader,static-path-classification,0,retain-candidate,inventory-confirmed
lua/ace/shared/guidances/d_infrared.lua,lua/ace/shared/guidances/d_infrared.lua,GMod addon loader,static-path-classification,0,retain-candidate,inventory-confirmed
lua/ace/shared/guidances/e_laser.lua,lua/ace/shared/guidances/e_laser.lua,GMod addon loader,static-path-classification,0,retain-candidate,inventory-confirmed
lua/ace/shared/guidances/f_radar.lua,lua/ace/shared/guidances/f_radar.lua,GMod addon loader,static-path-classification,0,retain-candidate,inventory-confirmed
lua/ace/shared/guidances/g_gps.lua,lua/ace/shared/guidances/g_gps.lua,GMod addon loader,static-path-classification,0,retain-candidate,inventory-confirmed
lua/ace/shared/guidances/h_antiradiation.lua,lua/ace/shared/guidances/h_antiradiation.lua,GMod addon loader,static-path-classification,0,retain-candidate,inventory-confirmed
lua/ace/shared/guidances/i_radarsemi.lua,lua/ace/shared/guidances/i_radarsemi.lua,GMod addon loader,static-path-classification,0,retain-candidate,inventory-confirmed
lua/ace/shared/guidances/j_topattackir.lua,lua/ace/shared/guidances/j_topattackir.lua,GMod addon loader,static-path-classification,0,retain-candidate,inventory-confirmed
lua/ace/shared/guidances/k_beamrider.lua,lua/ace/shared/guidances/k_beamrider.lua,GMod addon loader,static-path-classification,0,retain-candidate,inventory-confirmed
lua/ace/shared/guidances/l_straightrunning.lua,lua/ace/shared/guidances/l_straightrunning.lua,GMod addon loader,static-path-classification,0,retain-candidate,inventory-confirmed
lua/ace/shared/guidances/m_acoustic_spiral.lua,lua/ace/shared/guidances/m_acoustic_spiral.lua,GMod addon loader,static-path-classification,2,retain-candidate,review-required
lua/ace/shared/guidances/m_acoustic_straight.lua,lua/ace/shared/guidances/m_acoustic_straight.lua,GMod addon loader,static-path-classification,2,retain-candidate,review-required
lua/ace/shared/guidances/n_gps_terrain_avoiding.lua,lua/ace/shared/guidances/n_gps_terrain_avoiding.lua,GMod addon loader,static-path-classification,0,retain-candidate,inventory-confirmed
lua/ace/shared/guidances/o_command.lua,lua/ace/shared/guidances/o_command.lua,GMod addon loader,static-path-classification,0,retain-candidate,inventory-confirmed
lua/ace/shared/guns/atrifle.lua,lua/ace/shared/guns/atrifle.lua,GMod addon loader,static-path-classification,0,retain-candidate,inventory-confirmed
lua/ace/shared/guns/autocannon.lua,lua/ace/shared/guns/autocannon.lua,GMod addon loader,static-path-classification,0,retain-candidate,inventory-confirmed
lua/ace/shared/guns/autoloader.lua,lua/ace/shared/guns/autoloader.lua,GMod addon loader,static-path-classification,7,retain-candidate,review-required
lua/ace/shared/guns/cannon.lua,lua/ace/shared/guns/cannon.lua,GMod addon loader,static-path-classification,0,retain-candidate,inventory-confirmed
lua/ace/shared/guns/flarelauncher.lua,lua/ace/shared/guns/flarelauncher.lua,GMod addon loader,static-path-classification,3,retain-candidate,review-required
lua/ace/shared/guns/grenadelauncher.lua,lua/ace/shared/guns/grenadelauncher.lua,GMod addon loader,static-path-classification,0,retain-candidate,inventory-confirmed
lua/ace/shared/guns/heavymachinegun.lua,lua/ace/shared/guns/heavymachinegun.lua,GMod addon loader,static-path-classification,0,retain-candidate,inventory-confirmed
lua/ace/shared/guns/howitzer.lua,lua/ace/shared/guns/howitzer.lua,GMod addon loader,static-path-classification,0,retain-candidate,inventory-confirmed
lua/ace/shared/guns/machinegun.lua,lua/ace/shared/guns/machinegun.lua,GMod addon loader,static-path-classification,0,retain-candidate,inventory-confirmed
lua/ace/shared/guns/mortar.lua,lua/ace/shared/guns/mortar.lua,GMod addon loader,static-path-classification,0,retain-candidate,inventory-confirmed
lua/ace/shared/guns/rotaryautocannon.lua,lua/ace/shared/guns/rotaryautocannon.lua,GMod addon loader,static-path-classification,1,retain-candidate,review-required
lua/ace/shared/guns/semiauto.lua,lua/ace/shared/guns/semiauto.lua,GMod addon loader,static-path-classification,0,retain-candidate,inventory-confirmed
lua/ace/shared/guns/shortcannon.lua,lua/ace/shared/guns/shortcannon.lua,GMod addon loader,static-path-classification,0,retain-candidate,inventory-confirmed
lua/ace/shared/guns/smokelauncher.lua,lua/ace/shared/guns/smokelauncher.lua,GMod addon loader,static-path-classification,0,retain-candidate,inventory-confirmed
lua/ace/shared/guns/smoothcannon.lua,lua/ace/shared/guns/smoothcannon.lua,GMod addon loader,static-path-classification,0,retain-candidate,inventory-confirmed
lua/ace/shared/mines/mine_apl.lua,lua/ace/shared/mines/mine_apl.lua,GMod addon loader,static-path-classification,0,retain-candidate,inventory-confirmed
lua/ace/shared/mines/mine_at.lua,lua/ace/shared/mines/mine_at.lua,GMod addon loader,static-path-classification,0,retain-candidate,inventory-confirmed
lua/ace/shared/missiles/missile_aam.lua,lua/ace/shared/missiles/missile_aam.lua,GMod addon loader,static-path-classification,14,retain-candidate,review-required
lua/ace/shared/missiles/missile_arty.lua,lua/ace/shared/missiles/missile_arty.lua,GMod addon loader,static-path-classification,9,retain-candidate,review-required
lua/ace/shared/missiles/missile_asm.lua,lua/ace/shared/missiles/missile_asm.lua,GMod addon loader,static-path-classification,10,retain-candidate,review-required
lua/ace/shared/missiles/missile_atgm.lua,lua/ace/shared/missiles/missile_atgm.lua,GMod addon loader,static-path-classification,14,retain-candidate,review-required
lua/ace/shared/missiles/missile_bomb.lua,lua/ace/shared/missiles/missile_bomb.lua,GMod addon loader,static-path-classification,11,retain-candidate,review-required
lua/ace/shared/missiles/missile_gbu.lua,lua/ace/shared/missiles/missile_gbu.lua,GMod addon loader,static-path-classification,6,retain-candidate,review-required
lua/ace/shared/missiles/missile_mininaval.lua,lua/ace/shared/missiles/missile_mininaval.lua,GMod addon loader,static-path-classification,10,retain-candidate,review-required
lua/ace/shared/missiles/missile_naval.lua,lua/ace/shared/missiles/missile_naval.lua,GMod addon loader,static-path-classification,10,retain-candidate,review-required
lua/ace/shared/missiles/missile_pod.lua,lua/ace/shared/missiles/missile_pod.lua,GMod addon loader,static-path-classification,5,retain-candidate,review-required
lua/ace/shared/missiles/missile_sam.lua,lua/ace/shared/missiles/missile_sam.lua,GMod addon loader,static-path-classification,11,retain-candidate,review-required
lua/ace/shared/missiles/missile_uar.lua,lua/ace/shared/missiles/missile_uar.lua,GMod addon loader,static-path-classification,5,retain-candidate,review-required
lua/ace/shared/missiles/pod.lua,lua/ace/shared/missiles/pod.lua,GMod addon loader,static-path-classification,1,retain-candidate,review-required
lua/ace/shared/missiles/rack.lua,lua/ace/shared/missiles/rack.lua,GMod addon loader,static-path-classification,0,retain-candidate,inventory-confirmed
lua/ace/shared/radars/radar_directional.lua,lua/ace/shared/radars/radar_directional.lua,GMod addon loader,static-path-classification,3,retain-candidate,review-required
lua/ace/shared/radars/radar_irst.lua,lua/ace/shared/radars/radar_irst.lua,GMod addon loader,static-path-classification,0,retain-candidate,inventory-confirmed
lua/ace/shared/radars/radar_search.lua,lua/ace/shared/radars/radar_search.lua,GMod addon loader,static-path-classification,0,retain-candidate,inventory-confirmed
lua/ace/shared/radars/radar_spherical.lua,lua/ace/shared/radars/radar_spherical.lua,GMod addon loader,static-path-classification,3,retain-candidate,review-required
lua/ace/shared/radars/radar_tracking.lua,lua/ace/shared/radars/radar_tracking.lua,GMod addon loader,static-path-classification,0,retain-candidate,inventory-confirmed
lua/ace/shared/radars/sonar_array.lua,lua/ace/shared/radars/sonar_array.lua,GMod addon loader,static-path-classification,0,retain-candidate,inventory-confirmed
lua/ace/shared/rounds/ace_roundfunctions.lua,lua/ace/shared/rounds/ace_roundfunctions.lua,GMod addon loader,static-path-classification,0,retain-candidate,inventory-confirmed
lua/ace/shared/rounds/roundap.lua,lua/ace/shared/rounds/roundap.lua,GMod addon loader,static-path-classification,0,retain-candidate,inventory-confirmed
lua/ace/shared/rounds/roundapds.lua,lua/ace/shared/rounds/roundapds.lua,GMod addon loader,static-path-classification,0,retain-candidate,inventory-confirmed
lua/ace/shared/rounds/roundapfsds.lua,lua/ace/shared/rounds/roundapfsds.lua,GMod addon loader,static-path-classification,0,retain-candidate,inventory-confirmed
lua/ace/shared/rounds/roundaphe.lua,lua/ace/shared/rounds/roundaphe.lua,GMod addon loader,static-path-classification,0,retain-candidate,inventory-confirmed
lua/ace/shared/rounds/roundchaff.lua,lua/ace/shared/rounds/roundchaff.lua,GMod addon loader,static-path-classification,0,retain-candidate,inventory-confirmed
lua/ace/shared/rounds/roundclusterap.lua,lua/ace/shared/rounds/roundclusterap.lua,GMod addon loader,static-path-classification,1,retain-candidate,review-required
lua/ace/shared/rounds/roundclusterhe.lua,lua/ace/shared/rounds/roundclusterhe.lua,GMod addon loader,static-path-classification,1,retain-candidate,review-required
lua/ace/shared/rounds/roundclusterheat.lua,lua/ace/shared/rounds/roundclusterheat.lua,GMod addon loader,static-path-classification,1,retain-candidate,review-required
lua/ace/shared/rounds/roundfl.lua,lua/ace/shared/rounds/roundfl.lua,GMod addon loader,static-path-classification,1,retain-candidate,review-required
lua/ace/shared/rounds/roundflare.lua,lua/ace/shared/rounds/roundflare.lua,GMod addon loader,static-path-classification,0,retain-candidate,inventory-confirmed
lua/ace/shared/rounds/roundglgm.lua,lua/ace/shared/rounds/roundglgm.lua,GMod addon loader,static-path-classification,2,retain-candidate,review-required
lua/ace/shared/rounds/roundglgmhe.lua,lua/ace/shared/rounds/roundglgmhe.lua,GMod addon loader,static-path-classification,2,retain-candidate,review-required
lua/ace/shared/rounds/roundhe.lua,lua/ace/shared/rounds/roundhe.lua,GMod addon loader,static-path-classification,0,retain-candidate,inventory-confirmed
lua/ace/shared/rounds/roundheat.lua,lua/ace/shared/rounds/roundheat.lua,GMod addon loader,static-path-classification,0,retain-candidate,inventory-confirmed
lua/ace/shared/rounds/roundheatfs.lua,lua/ace/shared/rounds/roundheatfs.lua,GMod addon loader,static-path-classification,0,retain-candidate,inventory-confirmed
lua/ace/shared/rounds/roundhefs.lua,lua/ace/shared/rounds/roundhefs.lua,GMod addon loader,static-path-classification,0,retain-candidate,inventory-confirmed
lua/ace/shared/rounds/roundhesh.lua,lua/ace/shared/rounds/roundhesh.lua,GMod addon loader,static-path-classification,0,retain-candidate,inventory-confirmed
lua/ace/shared/rounds/roundhp.lua,lua/ace/shared/rounds/roundhp.lua,GMod addon loader,static-path-classification,0,retain-candidate,inventory-confirmed
lua/ace/shared/rounds/roundhvap.lua,lua/ace/shared/rounds/roundhvap.lua,GMod addon loader,static-path-classification,0,retain-candidate,inventory-confirmed
lua/ace/shared/rounds/roundrefill.lua,lua/ace/shared/rounds/roundrefill.lua,GMod addon loader,static-path-classification,0,retain-candidate,inventory-confirmed
lua/ace/shared/rounds/roundsmoke.lua,lua/ace/shared/rounds/roundsmoke.lua,GMod addon loader,static-path-classification,0,retain-candidate,inventory-confirmed
lua/ace/shared/rounds/roundtheat.lua,lua/ace/shared/rounds/roundtheat.lua,GMod addon loader,static-path-classification,0,retain-candidate,inventory-confirmed
lua/ace/shared/rounds/roundtheatfs.lua,lua/ace/shared/rounds/roundtheatfs.lua,GMod addon loader,static-path-classification,0,retain-candidate,inventory-confirmed
lua/ace/shared/sh_ace_concommands.lua,lua/ace/shared/sh_ace_concommands.lua,GMod addon loader,static-path-classification,0,retain-candidate,inventory-confirmed
lua/ace/shared/sh_ace_entity_state.lua,lua/ace/shared/sh_ace_entity_state.lua,GMod addon loader,static-path-classification,4,retain-candidate,review-required
lua/ace/shared/sh_ace_functions.lua,lua/ace/shared/sh_ace_functions.lua,GMod addon loader,static-path-classification,38,retain-candidate,review-required
lua/ace/shared/sh_ace_loader.lua,lua/ace/shared/sh_ace_loader.lua,GMod addon loader,static-path-classification,7,retain-candidate,review-required
lua/ace/shared/sh_ace_manufacturing.lua,lua/ace/shared/sh_ace_manufacturing.lua,GMod addon loader,static-path-classification,8,retain-candidate,review-required
lua/ace/shared/sh_ace_missiletrace.lua,lua/ace/shared/sh_ace_missiletrace.lua,GMod addon loader,static-path-classification,0,retain-candidate,inventory-confirmed
lua/ace/shared/sh_ace_particles.lua,lua/ace/shared/sh_ace_particles.lua,GMod addon loader,static-path-classification,3,retain-candidate,review-required
lua/ace/shared/sh_ace_points_model.lua,lua/ace/shared/sh_ace_points_model.lua,GMod addon loader,static-path-classification,6,retain-candidate,review-required
lua/ace/shared/sh_ace_scalable.lua,lua/ace/shared/sh_ace_scalable.lua,GMod addon loader,static-path-classification,0,retain-candidate,inventory-confirmed
lua/ace/shared/sh_ace_sound_loader.lua,lua/ace/shared/sh_ace_sound_loader.lua,GMod addon loader,static-path-classification,2,retain-candidate,review-required
lua/ace/shared/sh_acfm_getters.lua,lua/ace/shared/sh_acfm_getters.lua,GMod addon loader,static-path-classification,0,retain-candidate,inventory-confirmed
lua/ace/shared/sh_acfm_roundinject.lua,lua/ace/shared/sh_acfm_roundinject.lua,GMod addon loader,static-path-classification,0,retain-candidate,inventory-confirmed
lua/ace/shared/sh_crewseat_base.lua,lua/ace/shared/sh_crewseat_base.lua,GMod addon loader,static-path-classification,0,retain-candidate,inventory-confirmed
lua/ace/shared/sounds/gunfire.lua,lua/ace/shared/sounds/gunfire.lua,GMod addon loader,static-path-classification,10,retain-candidate,review-required
lua/ace/shared/sounds/sweps.lua,lua/ace/shared/sounds/sweps.lua,GMod addon loader,static-path-classification,0,retain-candidate,inventory-confirmed
lua/ace/shared/sv_ace_networking.lua,lua/ace/shared/sv_ace_networking.lua,GMod addon loader,static-path-classification,0,retain-candidate,inventory-confirmed
lua/ace/shared/tools/vheat_source.lua,lua/ace/shared/tools/vheat_source.lua,GMod addon loader,static-path-classification,0,retain-candidate,inventory-confirmed
lua/autorun/ace_entity_aliases.lua,lua/autorun/ace_entity_aliases.lua,GMod addon loader,static-path-classification,11,retain-candidate,review-required
lua/autorun/ace_lib_inherit.lua,lua/autorun/ace_lib_inherit.lua,GMod addon loader,static-path-classification,0,retain-candidate,inventory-confirmed
lua/autorun/acf_globals.lua,lua/autorun/ace_globals.lua,GMod addon loader,static-path-classification,7,rename-candidate,review-required
lua/autorun/acf_missile/countermeasure/cm_flare.lua,lua/autorun/acf_missile/countermeasure/cm_flare.lua,GMod addon loader,static-path-classification,0,rename-candidate,review-required
lua/autorun/acf_missile/countermeasure/cm_globals.lua,lua/autorun/acf_missile/countermeasure/cm_globals.lua,GMod addon loader,static-path-classification,0,rename-candidate,review-required
lua/autorun/acf_missile/countermeasure/folder.lua,lua/autorun/acf_missile/countermeasure/folder.lua,GMod addon loader,static-path-classification,4,rename-candidate,review-required
lua/autorun/acf_missile/folder.lua,lua/autorun/acf_missile/folder.lua,GMod addon loader,static-path-classification,2,rename-candidate,review-required
lua/autorun/battlepod.lua,lua/autorun/battlepod.lua,GMod addon loader,static-path-classification,0,retain-candidate,inventory-confirmed
lua/autorun/client/cl_ace_surveymessage.lua,lua/autorun/client/cl_ace_surveymessage.lua,GMod addon loader,static-path-classification,0,retain-candidate,inventory-confirmed
lua/autorun/client/cl_ace_vignette.lua,lua/autorun/client/cl_ace_vignette.lua,GMod addon loader,static-path-classification,0,retain-candidate,inventory-confirmed
lua/autorun/client/cl_acfm_menuinject.lua,lua/autorun/client/cl_acfm_menuinject.lua,GMod addon loader,static-path-classification,4,retain-candidate,review-required
lua/autorun/playerstart_chairs.lua,lua/autorun/playerstart_chairs.lua,GMod addon loader,static-path-classification,0,retain-candidate,inventory-confirmed
lua/autorun/printbyname.lua,lua/autorun/printbyname.lua,GMod addon loader,static-path-classification,0,retain-candidate,inventory-confirmed
lua/autorun/server/duplicatorDeny.lua,lua/autorun/server/duplicatorDeny.lua,GMod addon loader,static-path-classification,0,retain-candidate,inventory-confirmed
lua/autorun/server/sv_ace_primitive_compat.lua,lua/autorun/server/sv_ace_primitive_compat.lua,GMod addon loader,static-path-classification,50,retain-candidate,review-required
lua/autorun/server/sv_acf_missiles.lua,lua/autorun/server/sv_acf_missiles.lua,GMod addon loader,static-path-classification,1,retain-candidate,review-required
lua/autorun/server/sv_acfm_configurables.lua,lua/autorun/server/sv_acfm_configurables.lua,GMod addon loader,static-path-classification,0,retain-candidate,inventory-confirmed
lua/autorun/server/sv_acfm_modelincludes.lua,lua/autorun/server/sv_acfm_modelincludes.lua,GMod addon loader,static-path-classification,1,retain-candidate,review-required
lua/autorun/sh_ace_workarounds.lua,lua/autorun/sh_ace_workarounds.lua,GMod addon loader,static-path-classification,0,retain-candidate,inventory-confirmed
lua/autorun/translation/ace_translationpacks.lua,lua/autorun/translation/ace_translationpacks.lua,GMod addon loader,static-path-classification,1,retain-candidate,review-required
lua/cfw/extensions/ace_sv.lua,lua/cfw/extensions/ace_sv.lua,GMod addon loader,static-path-classification,1,retain-candidate,review-required
lua/effects/ace_ap_impact/init.lua,lua/effects/ace_ap_impact/init.lua,GMod addon loader,static-path-classification,0,retain-candidate,inventory-confirmed
lua/effects/ace_ap_penetration/init.lua,lua/effects/ace_ap_penetration/init.lua,GMod addon loader,static-path-classification,0,retain-candidate,inventory-confirmed
lua/effects/ace_ap_ricochet/init.lua,lua/effects/ace_ap_ricochet/init.lua,GMod addon loader,static-path-classification,0,retain-candidate,inventory-confirmed
lua/effects/ace_bulleteffect/init.lua,lua/effects/ace_bulleteffect/init.lua,GMod addon loader,static-path-classification,1,retain-candidate,review-required
lua/effects/ace_cookoff_puff/init.lua,lua/effects/ace_cookoff_puff/init.lua,GMod addon loader,static-path-classification,0,retain-candidate,inventory-confirmed
lua/effects/ace_heat_explosion/init.lua,lua/effects/ace_heat_explosion/init.lua,GMod addon loader,static-path-classification,0,retain-candidate,inventory-confirmed
lua/effects/ace_missilelaunch/init.lua,lua/effects/ace_missilelaunch/init.lua,GMod addon loader,static-path-classification,1,retain-candidate,review-required
lua/effects/ace_muzzleflash/init.lua,lua/effects/ace_muzzleflash/init.lua,GMod addon loader,static-path-classification,0,retain-candidate,inventory-confirmed
lua/effects/ace_racklaunch/init.lua,lua/effects/ace_racklaunch/init.lua,GMod addon loader,static-path-classification,0,retain-candidate,inventory-confirmed
lua/effects/ace_radar_noise/init.lua,lua/effects/ace_radar_noise/init.lua,GMod addon loader,static-path-classification,0,retain-candidate,inventory-confirmed
lua/effects/ace_scaled_detonation/init.lua,lua/effects/ace_scaled_detonation/init.lua,GMod addon loader,static-path-classification,0,retain-candidate,inventory-confirmed
lua/effects/ace_scaled_explosion/init.lua,lua/effects/ace_scaled_explosion/init.lua,GMod addon loader,static-path-classification,0,retain-candidate,inventory-confirmed
lua/effects/ace_smoke/init.lua,lua/effects/ace_smoke/init.lua,GMod addon loader,static-path-classification,0,retain-candidate,inventory-confirmed
lua/effects/acf_scaled_explosion/init.lua,lua/effects/acf_scaled_explosion/init.lua,GMod addon loader,static-path-classification,0,rename-candidate,review-required
lua/entities/ace_bomb_aerial/cl_init.lua,lua/entities/ace_bomb_aerial/cl_init.lua,GMod addon loader,static-path-classification,0,retain-candidate,inventory-confirmed
lua/entities/ace_bomb_aerial/init.lua,lua/entities/ace_bomb_aerial/init.lua,GMod addon loader,static-path-classification,0,retain-candidate,inventory-confirmed
lua/entities/ace_bomb_aerial/shared.lua,lua/entities/ace_bomb_aerial/shared.lua,GMod addon loader,static-path-classification,0,retain-candidate,inventory-confirmed
lua/entities/ace_bomb_barrel/cl_init.lua,lua/entities/ace_bomb_barrel/cl_init.lua,GMod addon loader,static-path-classification,0,retain-candidate,inventory-confirmed
lua/entities/ace_bomb_barrel/init.lua,lua/entities/ace_bomb_barrel/init.lua,GMod addon loader,static-path-classification,0,retain-candidate,inventory-confirmed
lua/entities/ace_bomb_barrel/shared.lua,lua/entities/ace_bomb_barrel/shared.lua,GMod addon loader,static-path-classification,0,retain-candidate,inventory-confirmed
lua/entities/ace_bomb_satchel/cl_init.lua,lua/entities/ace_bomb_satchel/cl_init.lua,GMod addon loader,static-path-classification,0,retain-candidate,inventory-confirmed
lua/entities/ace_bomb_satchel/init.lua,lua/entities/ace_bomb_satchel/init.lua,GMod addon loader,static-path-classification,0,retain-candidate,inventory-confirmed
lua/entities/ace_bomb_satchel/shared.lua,lua/entities/ace_bomb_satchel/shared.lua,GMod addon loader,static-path-classification,0,retain-candidate,inventory-confirmed
lua/entities/ace_crewseat_driver/cl_init.lua,lua/entities/ace_crewseat_driver/cl_init.lua,GMod addon loader,static-path-classification,0,retain-candidate,inventory-confirmed
lua/entities/ace_crewseat_driver/init.lua,lua/entities/ace_crewseat_driver/init.lua,GMod addon loader,static-path-classification,2,retain-candidate,review-required
lua/entities/ace_crewseat_driver/shared.lua,lua/entities/ace_crewseat_driver/shared.lua,GMod addon loader,static-path-classification,0,retain-candidate,inventory-confirmed
lua/entities/ace_crewseat_gunner/cl_init.lua,lua/entities/ace_crewseat_gunner/cl_init.lua,GMod addon loader,static-path-classification,0,retain-candidate,inventory-confirmed
lua/entities/ace_crewseat_gunner/init.lua,lua/entities/ace_crewseat_gunner/init.lua,GMod addon loader,static-path-classification,2,retain-candidate,review-required
lua/entities/ace_crewseat_gunner/shared.lua,lua/entities/ace_crewseat_gunner/shared.lua,GMod addon loader,static-path-classification,0,retain-candidate,inventory-confirmed
lua/entities/ace_crewseat_loader/cl_init.lua,lua/entities/ace_crewseat_loader/cl_init.lua,GMod addon loader,static-path-classification,0,retain-candidate,inventory-confirmed
lua/entities/ace_crewseat_loader/init.lua,lua/entities/ace_crewseat_loader/init.lua,GMod addon loader,static-path-classification,2,retain-candidate,review-required
lua/entities/ace_crewseat_loader/shared.lua,lua/entities/ace_crewseat_loader/shared.lua,GMod addon loader,static-path-classification,0,retain-candidate,inventory-confirmed
lua/entities/ace_debris.lua,lua/entities/ace_debris.lua,GMod addon loader,static-path-classification,0,retain-candidate,inventory-confirmed
lua/entities/ace_ecm/cl_init.lua,lua/entities/ace_ecm/cl_init.lua,GMod addon loader,static-path-classification,0,retain-candidate,inventory-confirmed
lua/entities/ace_ecm/init.lua,lua/entities/ace_ecm/init.lua,GMod addon loader,static-path-classification,0,retain-candidate,inventory-confirmed
lua/entities/ace_ecm/shared.lua,lua/entities/ace_ecm/shared.lua,GMod addon loader,static-path-classification,0,retain-candidate,inventory-confirmed
lua/entities/ace_explosive/cl_init.lua,lua/entities/ace_explosive/cl_init.lua,GMod addon loader,static-path-classification,0,retain-candidate,inventory-confirmed
lua/entities/ace_explosive/init.lua,lua/entities/ace_explosive/init.lua,GMod addon loader,static-path-classification,3,retain-candidate,review-required
lua/entities/ace_explosive/shared.lua,lua/entities/ace_explosive/shared.lua,GMod addon loader,static-path-classification,0,retain-candidate,inventory-confirmed
lua/entities/ace_explosive_prebuilt/cl_init.lua,lua/entities/ace_explosive_prebuilt/cl_init.lua,GMod addon loader,static-path-classification,0,retain-candidate,inventory-confirmed
lua/entities/ace_explosive_prebuilt/init.lua,lua/entities/ace_explosive_prebuilt/init.lua,GMod addon loader,static-path-classification,2,retain-candidate,review-required
lua/entities/ace_explosive_prebuilt/shared.lua,lua/entities/ace_explosive_prebuilt/shared.lua,GMod addon loader,static-path-classification,0,retain-candidate,inventory-confirmed
lua/entities/ace_flare/cl_init.lua,lua/entities/ace_flare/cl_init.lua,GMod addon loader,static-path-classification,2,retain-candidate,review-required
lua/entities/ace_flare/init.lua,lua/entities/ace_flare/init.lua,GMod addon loader,static-path-classification,0,retain-candidate,inventory-confirmed
lua/entities/ace_flare/shared.lua,lua/entities/ace_flare/shared.lua,GMod addon loader,static-path-classification,0,retain-candidate,inventory-confirmed
lua/entities/ace_gforce_meter/cl_init.lua,lua/entities/ace_gforce_meter/cl_init.lua,GMod addon loader,static-path-classification,0,retain-candidate,inventory-confirmed
lua/entities/ace_gforce_meter/init.lua,lua/entities/ace_gforce_meter/init.lua,GMod addon loader,static-path-classification,3,retain-candidate,review-required
lua/entities/ace_gforce_meter/shared.lua,lua/entities/ace_gforce_meter/shared.lua,GMod addon loader,static-path-classification,0,retain-candidate,inventory-confirmed
lua/entities/ace_grenade/cl_init.lua,lua/entities/ace_grenade/cl_init.lua,GMod addon loader,static-path-classification,0,retain-candidate,inventory-confirmed
lua/entities/ace_grenade/init.lua,lua/entities/ace_grenade/init.lua,GMod addon loader,static-path-classification,0,retain-candidate,inventory-confirmed
lua/entities/ace_grenade/shared.lua,lua/entities/ace_grenade/shared.lua,GMod addon loader,static-path-classification,0,retain-candidate,inventory-confirmed
lua/entities/ace_irst/cl_init.lua,lua/entities/ace_irst/cl_init.lua,GMod addon loader,static-path-classification,0,retain-candidate,inventory-confirmed
lua/entities/ace_irst/init.lua,lua/entities/ace_irst/init.lua,GMod addon loader,static-path-classification,3,retain-candidate,review-required
lua/entities/ace_irst/shared.lua,lua/entities/ace_irst/shared.lua,GMod addon loader,static-path-classification,0,retain-candidate,inventory-confirmed
lua/entities/ace_mine/cl_init.lua,lua/entities/ace_mine/cl_init.lua,GMod addon loader,static-path-classification,0,retain-candidate,inventory-confirmed
lua/entities/ace_mine/init.lua,lua/entities/ace_mine/init.lua,GMod addon loader,static-path-classification,0,retain-candidate,inventory-confirmed
lua/entities/ace_mine/shared.lua,lua/entities/ace_mine/shared.lua,GMod addon loader,static-path-classification,0,retain-candidate,inventory-confirmed
lua/entities/ace_missile/cl_init.lua,lua/entities/ace_missile/cl_init.lua,GMod addon loader,static-path-classification,0,retain-candidate,inventory-confirmed
lua/entities/ace_missile/init.lua,lua/entities/ace_missile/init.lua,GMod addon loader,static-path-classification,3,retain-candidate,review-required
lua/entities/ace_missile/shared.lua,lua/entities/ace_missile/shared.lua,GMod addon loader,static-path-classification,0,retain-candidate,inventory-confirmed
lua/entities/ace_rwr_dir/cl_init.lua,lua/entities/ace_rwr_dir/cl_init.lua,GMod addon loader,static-path-classification,0,retain-candidate,inventory-confirmed
lua/entities/ace_rwr_dir/init.lua,lua/entities/ace_rwr_dir/init.lua,GMod addon loader,static-path-classification,0,retain-candidate,inventory-confirmed
lua/entities/ace_rwr_dir/shared.lua,lua/entities/ace_rwr_dir/shared.lua,GMod addon loader,static-path-classification,0,retain-candidate,inventory-confirmed
lua/entities/ace_rwr_sphere/cl_init.lua,lua/entities/ace_rwr_sphere/cl_init.lua,GMod addon loader,static-path-classification,0,retain-candidate,inventory-confirmed
lua/entities/ace_rwr_sphere/init.lua,lua/entities/ace_rwr_sphere/init.lua,GMod addon loader,static-path-classification,1,retain-candidate,review-required
lua/entities/ace_rwr_sphere/shared.lua,lua/entities/ace_rwr_sphere/shared.lua,GMod addon loader,static-path-classification,0,retain-candidate,inventory-confirmed
lua/entities/ace_scalability/cl_init.lua,lua/entities/ace_scalability/cl_init.lua,GMod addon loader,static-path-classification,0,retain-candidate,inventory-confirmed
lua/entities/ace_scalability/init.lua,lua/entities/ace_scalability/init.lua,GMod addon loader,static-path-classification,0,retain-candidate,inventory-confirmed
lua/entities/ace_scalability/shared.lua,lua/entities/ace_scalability/shared.lua,GMod addon loader,static-path-classification,0,retain-candidate,inventory-confirmed
lua/entities/ace_searchradar/cl_init.lua,lua/entities/ace_searchradar/cl_init.lua,GMod addon loader,static-path-classification,0,retain-candidate,inventory-confirmed
lua/entities/ace_searchradar/init.lua,lua/entities/ace_searchradar/init.lua,GMod addon loader,static-path-classification,3,retain-candidate,review-required
lua/entities/ace_searchradar/shared.lua,lua/entities/ace_searchradar/shared.lua,GMod addon loader,static-path-classification,0,retain-candidate,inventory-confirmed
lua/entities/ace_slammine/cl_init.lua,lua/entities/ace_slammine/cl_init.lua,GMod addon loader,static-path-classification,0,retain-candidate,inventory-confirmed
lua/entities/ace_slammine/init.lua,lua/entities/ace_slammine/init.lua,GMod addon loader,static-path-classification,1,retain-candidate,review-required
lua/entities/ace_slammine/shared.lua,lua/entities/ace_slammine/shared.lua,GMod addon loader,static-path-classification,0,retain-candidate,inventory-confirmed
lua/entities/ace_smokegrenade/cl_init.lua,lua/entities/ace_smokegrenade/cl_init.lua,GMod addon loader,static-path-classification,0,retain-candidate,inventory-confirmed
lua/entities/ace_smokegrenade/init.lua,lua/entities/ace_smokegrenade/init.lua,GMod addon loader,static-path-classification,0,retain-candidate,inventory-confirmed
lua/entities/ace_smokegrenade/shared.lua,lua/entities/ace_smokegrenade/shared.lua,GMod addon loader,static-path-classification,0,retain-candidate,inventory-confirmed
lua/entities/ace_sonar/cl_init.lua,lua/entities/ace_sonar/cl_init.lua,GMod addon loader,static-path-classification,0,retain-candidate,inventory-confirmed
lua/entities/ace_sonar/init.lua,lua/entities/ace_sonar/init.lua,GMod addon loader,static-path-classification,5,retain-candidate,review-required
lua/entities/ace_sonar/shared.lua,lua/entities/ace_sonar/shared.lua,GMod addon loader,static-path-classification,0,retain-candidate,inventory-confirmed
lua/entities/ace_trackingradar/cl_init.lua,lua/entities/ace_trackingradar/cl_init.lua,GMod addon loader,static-path-classification,0,retain-candidate,inventory-confirmed
lua/entities/ace_trackingradar/init.lua,lua/entities/ace_trackingradar/init.lua,GMod addon loader,static-path-classification,3,retain-candidate,review-required
lua/entities/ace_trackingradar/shared.lua,lua/entities/ace_trackingradar/shared.lua,GMod addon loader,static-path-classification,0,retain-candidate,inventory-confirmed
lua/entities/ace_vheat_source/cl_init.lua,lua/entities/ace_vheat_source/cl_init.lua,GMod addon loader,static-path-classification,0,retain-candidate,inventory-confirmed
lua/entities/ace_vheat_source/init.lua,lua/entities/ace_vheat_source/init.lua,GMod addon loader,static-path-classification,2,retain-candidate,review-required
lua/entities/ace_vheat_source/shared.lua,lua/entities/ace_vheat_source/shared.lua,GMod addon loader,static-path-classification,0,retain-candidate,inventory-confirmed
lua/entities/ace_wind_sensor/cl_init.lua,lua/entities/ace_wind_sensor/cl_init.lua,GMod addon loader,static-path-classification,0,retain-candidate,inventory-confirmed
lua/entities/ace_wind_sensor/init.lua,lua/entities/ace_wind_sensor/init.lua,GMod addon loader,static-path-classification,3,retain-candidate,review-required
lua/entities/ace_wind_sensor/shared.lua,lua/entities/ace_wind_sensor/shared.lua,GMod addon loader,static-path-classification,0,retain-candidate,inventory-confirmed
lua/entities/acf_ammo/cl_init.lua,lua/entities/acf_ammo/cl_init.lua,GMod addon loader,static-path-classification,2,rename-candidate,review-required
lua/entities/acf_ammo/init.lua,lua/entities/acf_ammo/init.lua,GMod addon loader,static-path-classification,7,rename-candidate,review-required
lua/entities/acf_ammo/shared.lua,lua/entities/acf_ammo/shared.lua,GMod addon loader,static-path-classification,2,rename-candidate,review-required
lua/entities/acf_engine/cl_init.lua,lua/entities/acf_engine/cl_init.lua,GMod addon loader,static-path-classification,0,rename-candidate,review-required
lua/entities/acf_engine/init.lua,lua/entities/acf_engine/init.lua,GMod addon loader,static-path-classification,15,rename-candidate,review-required
lua/entities/acf_engine/shared.lua,lua/entities/acf_engine/shared.lua,GMod addon loader,static-path-classification,2,rename-candidate,review-required
lua/entities/acf_explosive/cl_init.lua,lua/entities/acf_explosive/cl_init.lua,GMod addon loader,static-path-classification,0,rename-candidate,review-required
lua/entities/acf_explosive/init.lua,lua/entities/acf_explosive/init.lua,GMod addon loader,static-path-classification,6,rename-candidate,review-required
lua/entities/acf_explosive/shared.lua,lua/entities/acf_explosive/shared.lua,GMod addon loader,static-path-classification,0,rename-candidate,review-required
lua/entities/acf_fakecrate2/cl_init.lua,lua/entities/acf_fakecrate2/cl_init.lua,GMod addon loader,static-path-classification,0,rename-candidate,review-required
lua/entities/acf_fakecrate2/init.lua,lua/entities/acf_fakecrate2/init.lua,GMod addon loader,static-path-classification,1,rename-candidate,review-required
lua/entities/acf_fakecrate2/shared.lua,lua/entities/acf_fakecrate2/shared.lua,GMod addon loader,static-path-classification,3,rename-candidate,review-required
lua/entities/acf_fueltank/cl_init.lua,lua/entities/acf_fueltank/cl_init.lua,GMod addon loader,static-path-classification,0,rename-candidate,review-required
lua/entities/acf_fueltank/init.lua,lua/entities/acf_fueltank/init.lua,GMod addon loader,static-path-classification,6,rename-candidate,review-required
lua/entities/acf_fueltank/shared.lua,lua/entities/acf_fueltank/shared.lua,GMod addon loader,static-path-classification,2,rename-candidate,review-required
lua/entities/acf_gearbox/cl_init.lua,lua/entities/acf_gearbox/cl_init.lua,GMod addon loader,static-path-classification,0,rename-candidate,review-required
lua/entities/acf_gearbox/init.lua,lua/entities/acf_gearbox/init.lua,GMod addon loader,static-path-classification,5,rename-candidate,review-required
lua/entities/acf_gearbox/shared.lua,lua/entities/acf_gearbox/shared.lua,GMod addon loader,static-path-classification,2,rename-candidate,review-required
lua/entities/acf_gun/cl_init.lua,lua/entities/acf_gun/cl_init.lua,GMod addon loader,static-path-classification,2,rename-candidate,review-required
lua/entities/acf_gun/init.lua,lua/entities/acf_gun/init.lua,GMod addon loader,static-path-classification,10,rename-candidate,review-required
lua/entities/acf_gun/shared.lua,lua/entities/acf_gun/shared.lua,GMod addon loader,static-path-classification,2,rename-candidate,review-required
lua/entities/acf_missile_to_rack/cl_init.lua,lua/entities/acf_missile_to_rack/cl_init.lua,GMod addon loader,static-path-classification,0,rename-candidate,review-required
lua/entities/acf_missile_to_rack/init.lua,lua/entities/acf_missile_to_rack/init.lua,GMod addon loader,static-path-classification,4,rename-candidate,review-required
lua/entities/acf_missile_to_rack/shared.lua,lua/entities/acf_missile_to_rack/shared.lua,GMod addon loader,static-path-classification,0,rename-candidate,review-required
lua/entities/acf_missileradar/cl_init.lua,lua/entities/acf_missileradar/cl_init.lua,GMod addon loader,static-path-classification,0,rename-candidate,review-required
lua/entities/acf_missileradar/init.lua,lua/entities/acf_missileradar/init.lua,GMod addon loader,static-path-classification,12,rename-candidate,review-required
lua/entities/acf_missileradar/radar_types_support.lua,lua/entities/acf_missileradar/radar_types_support.lua,GMod addon loader,static-path-classification,0,rename-candidate,review-required
lua/entities/acf_missileradar/shared.lua,lua/entities/acf_missileradar/shared.lua,GMod addon loader,static-path-classification,2,rename-candidate,review-required
lua/entities/acf_opticalcomputer/cl_init.lua,lua/entities/acf_opticalcomputer/cl_init.lua,GMod addon loader,static-path-classification,0,rename-candidate,review-required
lua/entities/acf_opticalcomputer/init.lua,lua/entities/acf_opticalcomputer/init.lua,GMod addon loader,static-path-classification,1,rename-candidate,review-required
lua/entities/acf_opticalcomputer/shared.lua,lua/entities/acf_opticalcomputer/shared.lua,GMod addon loader,static-path-classification,0,rename-candidate,review-required
lua/entities/acf_rack/cl_init.lua,lua/entities/acf_rack/cl_init.lua,GMod addon loader,static-path-classification,0,rename-candidate,review-required
lua/entities/acf_rack/init.lua,lua/entities/acf_rack/init.lua,GMod addon loader,static-path-classification,14,rename-candidate,review-required
lua/entities/acf_rack/shared.lua,lua/entities/acf_rack/shared.lua,GMod addon loader,static-path-classification,1,rename-candidate,review-required
lua/entities/gmod_wire_expression2/core/custom/acf.lua,lua/entities/gmod_wire_expression2/core/custom/acf.lua,GMod addon loader,static-path-classification,256,rename-candidate,review-required
lua/entities/gmod_wire_expression2/core/custom/cl_acf.lua,lua/entities/gmod_wire_expression2/core/custom/cl_acf.lua,GMod addon loader,static-path-classification,207,retain-candidate,review-required
lua/starfall/libs_sv/acf.lua,lua/starfall/libs_sv/acf.lua,GMod addon loader,static-path-classification,196,rename-candidate,review-required
lua/tests/ace/000_discovery_canary.lua,lua/tests/ace/000_discovery_canary.lua,GMod addon loader,static-path-classification,0,retain-candidate,inventory-confirmed
lua/tests/ace/armor_spall_corpus.lua,lua/tests/ace/armor_spall_corpus.lua,GMod addon loader,static-path-classification,2,retain-candidate,review-required
lua/tests/ace/dupe_spawn.lua,lua/tests/ace/dupe_spawn.lua,GMod addon loader,static-path-classification,13,retain-candidate,review-required
lua/tests/ace/entity_registration.lua,lua/tests/ace/entity_registration.lua,GMod addon loader,static-path-classification,3,retain-candidate,review-required
lua/tests/ace/general_use_contracts.lua,lua/tests/ace/general_use_contracts.lua,GMod addon loader,static-path-classification,5,retain-candidate,review-required
lua/tests/ace/invalidation_hooks.lua,lua/tests/ace/invalidation_hooks.lua,GMod addon loader,static-path-classification,0,retain-candidate,inventory-confirmed
lua/tests/ace/registries.lua,lua/tests/ace/registries.lua,GMod addon loader,static-path-classification,1,retain-candidate,review-required
lua/tests/ace/spall_rubber.lua,lua/tests/ace/spall_rubber.lua,GMod addon loader,static-path-classification,12,retain-candidate,review-required
lua/weapons/gmod_tool/stools/acearmorprop.lua,lua/weapons/gmod_tool/stools/acearmorprop.lua,GMod addon loader,static-path-classification,28,retain-candidate,review-required
lua/weapons/gmod_tool/stools/acechaircam.lua,lua/weapons/gmod_tool/stools/acechaircam.lua,GMod addon loader,static-path-classification,0,retain-candidate,inventory-confirmed
lua/weapons/gmod_tool/stools/acecopy.lua,lua/weapons/gmod_tool/stools/acecopy.lua,GMod addon loader,static-path-classification,5,retain-candidate,review-required
lua/weapons/gmod_tool/stools/acemenu.lua,lua/weapons/gmod_tool/stools/acemenu.lua,GMod addon loader,static-path-classification,7,retain-candidate,review-required
lua/weapons/gmod_tool/stools/acesound.lua,lua/weapons/gmod_tool/stools/acesound.lua,GMod addon loader,static-path-classification,14,retain-candidate,review-required
lua/weapons/weapon_ace_ak47/cl_init.lua,lua/weapons/weapon_ace_ak47/cl_init.lua,GMod addon loader,static-path-classification,0,retain-candidate,inventory-confirmed
lua/weapons/weapon_ace_ak47/init.lua,lua/weapons/weapon_ace_ak47/init.lua,GMod addon loader,static-path-classification,0,retain-candidate,inventory-confirmed
lua/weapons/weapon_ace_ak47/shared.lua,lua/weapons/weapon_ace_ak47/shared.lua,GMod addon loader,static-path-classification,0,retain-candidate,inventory-confirmed
lua/weapons/weapon_ace_amr/cl_init.lua,lua/weapons/weapon_ace_amr/cl_init.lua,GMod addon loader,static-path-classification,0,retain-candidate,inventory-confirmed
lua/weapons/weapon_ace_amr/init.lua,lua/weapons/weapon_ace_amr/init.lua,GMod addon loader,static-path-classification,0,retain-candidate,inventory-confirmed
lua/weapons/weapon_ace_amr/shared.lua,lua/weapons/weapon_ace_amr/shared.lua,GMod addon loader,static-path-classification,0,retain-candidate,inventory-confirmed
lua/weapons/weapon_ace_antipersonmine/cl_init.lua,lua/weapons/weapon_ace_antipersonmine/cl_init.lua,GMod addon loader,static-path-classification,0,retain-candidate,inventory-confirmed
lua/weapons/weapon_ace_antipersonmine/init.lua,lua/weapons/weapon_ace_antipersonmine/init.lua,GMod addon loader,static-path-classification,0,retain-candidate,inventory-confirmed
lua/weapons/weapon_ace_antipersonmine/shared.lua,lua/weapons/weapon_ace_antipersonmine/shared.lua,GMod addon loader,static-path-classification,0,retain-candidate,inventory-confirmed
lua/weapons/weapon_ace_antitankmine/cl_init.lua,lua/weapons/weapon_ace_antitankmine/cl_init.lua,GMod addon loader,static-path-classification,0,retain-candidate,inventory-confirmed
lua/weapons/weapon_ace_antitankmine/init.lua,lua/weapons/weapon_ace_antitankmine/init.lua,GMod addon loader,static-path-classification,0,retain-candidate,inventory-confirmed
lua/weapons/weapon_ace_antitankmine/shared.lua,lua/weapons/weapon_ace_antitankmine/shared.lua,GMod addon loader,static-path-classification,0,retain-candidate,inventory-confirmed
lua/weapons/weapon_ace_at4/cl_init.lua,lua/weapons/weapon_ace_at4/cl_init.lua,GMod addon loader,static-path-classification,0,retain-candidate,inventory-confirmed
lua/weapons/weapon_ace_at4/init.lua,lua/weapons/weapon_ace_at4/init.lua,GMod addon loader,static-path-classification,0,retain-candidate,inventory-confirmed
lua/weapons/weapon_ace_at4/shared.lua,lua/weapons/weapon_ace_at4/shared.lua,GMod addon loader,static-path-classification,2,retain-candidate,review-required
lua/weapons/weapon_ace_at4t/cl_init.lua,lua/weapons/weapon_ace_at4t/cl_init.lua,GMod addon loader,static-path-classification,0,retain-candidate,inventory-confirmed
lua/weapons/weapon_ace_at4t/init.lua,lua/weapons/weapon_ace_at4t/init.lua,GMod addon loader,static-path-classification,0,retain-candidate,inventory-confirmed
lua/weapons/weapon_ace_at4t/shared.lua,lua/weapons/weapon_ace_at4t/shared.lua,GMod addon loader,static-path-classification,2,retain-candidate,review-required
lua/weapons/weapon_ace_aug/cl_init.lua,lua/weapons/weapon_ace_aug/cl_init.lua,GMod addon loader,static-path-classification,0,retain-candidate,inventory-confirmed
lua/weapons/weapon_ace_aug/init.lua,lua/weapons/weapon_ace_aug/init.lua,GMod addon loader,static-path-classification,0,retain-candidate,inventory-confirmed
lua/weapons/weapon_ace_aug/shared.lua,lua/weapons/weapon_ace_aug/shared.lua,GMod addon loader,static-path-classification,0,retain-candidate,inventory-confirmed
lua/weapons/weapon_ace_awp/cl_init.lua,lua/weapons/weapon_ace_awp/cl_init.lua,GMod addon loader,static-path-classification,0,retain-candidate,inventory-confirmed
lua/weapons/weapon_ace_awp/init.lua,lua/weapons/weapon_ace_awp/init.lua,GMod addon loader,static-path-classification,0,retain-candidate,inventory-confirmed
lua/weapons/weapon_ace_awp/shared.lua,lua/weapons/weapon_ace_awp/shared.lua,GMod addon loader,static-path-classification,0,retain-candidate,inventory-confirmed
lua/weapons/weapon_ace_base/cl_ace_spawnmenu.lua,lua/weapons/weapon_ace_base/cl_ace_spawnmenu.lua,GMod addon loader,static-path-classification,0,retain-candidate,inventory-confirmed
lua/weapons/weapon_ace_base/cl_init.lua,lua/weapons/weapon_ace_base/cl_init.lua,GMod addon loader,static-path-classification,0,retain-candidate,inventory-confirmed
lua/weapons/weapon_ace_base/init.lua,lua/weapons/weapon_ace_base/init.lua,GMod addon loader,static-path-classification,1,retain-candidate,review-required
lua/weapons/weapon_ace_base/shared.lua,lua/weapons/weapon_ace_base/shared.lua,GMod addon loader,static-path-classification,0,retain-candidate,inventory-confirmed
lua/weapons/weapon_ace_boundingmine/cl_init.lua,lua/weapons/weapon_ace_boundingmine/cl_init.lua,GMod addon loader,static-path-classification,0,retain-candidate,inventory-confirmed
lua/weapons/weapon_ace_boundingmine/init.lua,lua/weapons/weapon_ace_boundingmine/init.lua,GMod addon loader,static-path-classification,0,retain-candidate,inventory-confirmed
lua/weapons/weapon_ace_boundingmine/shared.lua,lua/weapons/weapon_ace_boundingmine/shared.lua,GMod addon loader,static-path-classification,0,retain-candidate,inventory-confirmed
lua/weapons/weapon_ace_deagle/cl_init.lua,lua/weapons/weapon_ace_deagle/cl_init.lua,GMod addon loader,static-path-classification,0,retain-candidate,inventory-confirmed
lua/weapons/weapon_ace_deagle/init.lua,lua/weapons/weapon_ace_deagle/init.lua,GMod addon loader,static-path-classification,0,retain-candidate,inventory-confirmed
lua/weapons/weapon_ace_deagle/shared.lua,lua/weapons/weapon_ace_deagle/shared.lua,GMod addon loader,static-path-classification,0,retain-candidate,inventory-confirmed
lua/weapons/weapon_ace_elite/cl_init.lua,lua/weapons/weapon_ace_elite/cl_init.lua,GMod addon loader,static-path-classification,0,retain-candidate,inventory-confirmed
lua/weapons/weapon_ace_elite/init.lua,lua/weapons/weapon_ace_elite/init.lua,GMod addon loader,static-path-classification,0,retain-candidate,inventory-confirmed
lua/weapons/weapon_ace_elite/shared.lua,lua/weapons/weapon_ace_elite/shared.lua,GMod addon loader,static-path-classification,0,retain-candidate,inventory-confirmed
lua/weapons/weapon_ace_famas/cl_init.lua,lua/weapons/weapon_ace_famas/cl_init.lua,GMod addon loader,static-path-classification,0,retain-candidate,inventory-confirmed
lua/weapons/weapon_ace_famas/init.lua,lua/weapons/weapon_ace_famas/init.lua,GMod addon loader,static-path-classification,0,retain-candidate,inventory-confirmed
lua/weapons/weapon_ace_famas/shared.lua,lua/weapons/weapon_ace_famas/shared.lua,GMod addon loader,static-path-classification,0,retain-candidate,inventory-confirmed
lua/weapons/weapon_ace_fiveseven/cl_init.lua,lua/weapons/weapon_ace_fiveseven/cl_init.lua,GMod addon loader,static-path-classification,0,retain-candidate,inventory-confirmed
lua/weapons/weapon_ace_fiveseven/init.lua,lua/weapons/weapon_ace_fiveseven/init.lua,GMod addon loader,static-path-classification,0,retain-candidate,inventory-confirmed
lua/weapons/weapon_ace_fiveseven/shared.lua,lua/weapons/weapon_ace_fiveseven/shared.lua,GMod addon loader,static-path-classification,0,retain-candidate,inventory-confirmed
lua/weapons/weapon_ace_flaregun/cl_init.lua,lua/weapons/weapon_ace_flaregun/cl_init.lua,GMod addon loader,static-path-classification,0,retain-candidate,inventory-confirmed
lua/weapons/weapon_ace_flaregun/init.lua,lua/weapons/weapon_ace_flaregun/init.lua,GMod addon loader,static-path-classification,0,retain-candidate,inventory-confirmed
lua/weapons/weapon_ace_flaregun/shared.lua,lua/weapons/weapon_ace_flaregun/shared.lua,GMod addon loader,static-path-classification,0,retain-candidate,inventory-confirmed
lua/weapons/weapon_ace_galil/cl_init.lua,lua/weapons/weapon_ace_galil/cl_init.lua,GMod addon loader,static-path-classification,0,retain-candidate,inventory-confirmed
lua/weapons/weapon_ace_galil/init.lua,lua/weapons/weapon_ace_galil/init.lua,GMod addon loader,static-path-classification,0,retain-candidate,inventory-confirmed
lua/weapons/weapon_ace_galil/shared.lua,lua/weapons/weapon_ace_galil/shared.lua,GMod addon loader,static-path-classification,0,retain-candidate,inventory-confirmed
lua/weapons/weapon_ace_glock/cl_init.lua,lua/weapons/weapon_ace_glock/cl_init.lua,GMod addon loader,static-path-classification,0,retain-candidate,inventory-confirmed
lua/weapons/weapon_ace_glock/init.lua,lua/weapons/weapon_ace_glock/init.lua,GMod addon loader,static-path-classification,0,retain-candidate,inventory-confirmed
lua/weapons/weapon_ace_glock/shared.lua,lua/weapons/weapon_ace_glock/shared.lua,GMod addon loader,static-path-classification,0,retain-candidate,inventory-confirmed
lua/weapons/weapon_ace_grenade/cl_init.lua,lua/weapons/weapon_ace_grenade/cl_init.lua,GMod addon loader,static-path-classification,0,retain-candidate,inventory-confirmed
lua/weapons/weapon_ace_grenade/init.lua,lua/weapons/weapon_ace_grenade/init.lua,GMod addon loader,static-path-classification,0,retain-candidate,inventory-confirmed
lua/weapons/weapon_ace_grenade/shared.lua,lua/weapons/weapon_ace_grenade/shared.lua,GMod addon loader,static-path-classification,0,retain-candidate,inventory-confirmed
lua/weapons/weapon_ace_javelin/cl_init.lua,lua/weapons/weapon_ace_javelin/cl_init.lua,GMod addon loader,static-path-classification,0,retain-candidate,inventory-confirmed
lua/weapons/weapon_ace_javelin/init.lua,lua/weapons/weapon_ace_javelin/init.lua,GMod addon loader,static-path-classification,0,retain-candidate,inventory-confirmed
lua/weapons/weapon_ace_javelin/shared.lua,lua/weapons/weapon_ace_javelin/shared.lua,GMod addon loader,static-path-classification,5,retain-candidate,review-required
lua/weapons/weapon_ace_m16/cl_init.lua,lua/weapons/weapon_ace_m16/cl_init.lua,GMod addon loader,static-path-classification,0,retain-candidate,inventory-confirmed
lua/weapons/weapon_ace_m16/init.lua,lua/weapons/weapon_ace_m16/init.lua,GMod addon loader,static-path-classification,0,retain-candidate,inventory-confirmed
lua/weapons/weapon_ace_m16/shared.lua,lua/weapons/weapon_ace_m16/shared.lua,GMod addon loader,static-path-classification,0,retain-candidate,inventory-confirmed
lua/weapons/weapon_ace_m249saw/cl_init.lua,lua/weapons/weapon_ace_m249saw/cl_init.lua,GMod addon loader,static-path-classification,0,retain-candidate,inventory-confirmed
lua/weapons/weapon_ace_m249saw/init.lua,lua/weapons/weapon_ace_m249saw/init.lua,GMod addon loader,static-path-classification,0,retain-candidate,inventory-confirmed
lua/weapons/weapon_ace_m249saw/shared.lua,lua/weapons/weapon_ace_m249saw/shared.lua,GMod addon loader,static-path-classification,0,retain-candidate,inventory-confirmed
lua/weapons/weapon_ace_m3super90/cl_init.lua,lua/weapons/weapon_ace_m3super90/cl_init.lua,GMod addon loader,static-path-classification,0,retain-candidate,inventory-confirmed
lua/weapons/weapon_ace_m3super90/init.lua,lua/weapons/weapon_ace_m3super90/init.lua,GMod addon loader,static-path-classification,0,retain-candidate,inventory-confirmed
lua/weapons/weapon_ace_m3super90/shared.lua,lua/weapons/weapon_ace_m3super90/shared.lua,GMod addon loader,static-path-classification,0,retain-candidate,inventory-confirmed
lua/weapons/weapon_ace_mac10/cl_init.lua,lua/weapons/weapon_ace_mac10/cl_init.lua,GMod addon loader,static-path-classification,0,retain-candidate,inventory-confirmed
lua/weapons/weapon_ace_mac10/init.lua,lua/weapons/weapon_ace_mac10/init.lua,GMod addon loader,static-path-classification,0,retain-candidate,inventory-confirmed
lua/weapons/weapon_ace_mac10/shared.lua,lua/weapons/weapon_ace_mac10/shared.lua,GMod addon loader,static-path-classification,0,retain-candidate,inventory-confirmed
lua/weapons/weapon_ace_minedetector/cl_init.lua,lua/weapons/weapon_ace_minedetector/cl_init.lua,GMod addon loader,static-path-classification,0,retain-candidate,inventory-confirmed
lua/weapons/weapon_ace_minedetector/init.lua,lua/weapons/weapon_ace_minedetector/init.lua,GMod addon loader,static-path-classification,0,retain-candidate,inventory-confirmed
lua/weapons/weapon_ace_minedetector/shared.lua,lua/weapons/weapon_ace_minedetector/shared.lua,GMod addon loader,static-path-classification,0,retain-candidate,inventory-confirmed
lua/weapons/weapon_ace_mp5/cl_init.lua,lua/weapons/weapon_ace_mp5/cl_init.lua,GMod addon loader,static-path-classification,0,retain-candidate,inventory-confirmed
lua/weapons/weapon_ace_mp5/init.lua,lua/weapons/weapon_ace_mp5/init.lua,GMod addon loader,static-path-classification,0,retain-candidate,inventory-confirmed
lua/weapons/weapon_ace_mp5/shared.lua,lua/weapons/weapon_ace_mp5/shared.lua,GMod addon loader,static-path-classification,0,retain-candidate,inventory-confirmed
lua/weapons/weapon_ace_p228/cl_init.lua,lua/weapons/weapon_ace_p228/cl_init.lua,GMod addon loader,static-path-classification,0,retain-candidate,inventory-confirmed
lua/weapons/weapon_ace_p228/init.lua,lua/weapons/weapon_ace_p228/init.lua,GMod addon loader,static-path-classification,0,retain-candidate,inventory-confirmed
lua/weapons/weapon_ace_p228/shared.lua,lua/weapons/weapon_ace_p228/shared.lua,GMod addon loader,static-path-classification,0,retain-candidate,inventory-confirmed
lua/weapons/weapon_ace_p90/cl_init.lua,lua/weapons/weapon_ace_p90/cl_init.lua,GMod addon loader,static-path-classification,0,retain-candidate,inventory-confirmed
lua/weapons/weapon_ace_p90/init.lua,lua/weapons/weapon_ace_p90/init.lua,GMod addon loader,static-path-classification,0,retain-candidate,inventory-confirmed
lua/weapons/weapon_ace_p90/shared.lua,lua/weapons/weapon_ace_p90/shared.lua,GMod addon loader,static-path-classification,0,retain-candidate,inventory-confirmed
lua/weapons/weapon_ace_portablemortar/cl_init.lua,lua/weapons/weapon_ace_portablemortar/cl_init.lua,GMod addon loader,static-path-classification,0,retain-candidate,inventory-confirmed
lua/weapons/weapon_ace_portablemortar/init.lua,lua/weapons/weapon_ace_portablemortar/init.lua,GMod addon loader,static-path-classification,0,retain-candidate,inventory-confirmed
lua/weapons/weapon_ace_portablemortar/shared.lua,lua/weapons/weapon_ace_portablemortar/shared.lua,GMod addon loader,static-path-classification,0,retain-candidate,inventory-confirmed
lua/weapons/weapon_ace_scout/cl_init.lua,lua/weapons/weapon_ace_scout/cl_init.lua,GMod addon loader,static-path-classification,0,retain-candidate,inventory-confirmed
lua/weapons/weapon_ace_scout/init.lua,lua/weapons/weapon_ace_scout/init.lua,GMod addon loader,static-path-classification,0,retain-candidate,inventory-confirmed
lua/weapons/weapon_ace_scout/shared.lua,lua/weapons/weapon_ace_scout/shared.lua,GMod addon loader,static-path-classification,0,retain-candidate,inventory-confirmed
lua/weapons/weapon_ace_sg552/cl_init.lua,lua/weapons/weapon_ace_sg552/cl_init.lua,GMod addon loader,static-path-classification,0,retain-candidate,inventory-confirmed
lua/weapons/weapon_ace_sg552/init.lua,lua/weapons/weapon_ace_sg552/init.lua,GMod addon loader,static-path-classification,0,retain-candidate,inventory-confirmed
lua/weapons/weapon_ace_sg552/shared.lua,lua/weapons/weapon_ace_sg552/shared.lua,GMod addon loader,static-path-classification,0,retain-candidate,inventory-confirmed
lua/weapons/weapon_ace_slam/cl_init.lua,lua/weapons/weapon_ace_slam/cl_init.lua,GMod addon loader,static-path-classification,0,retain-candidate,inventory-confirmed
lua/weapons/weapon_ace_slam/init.lua,lua/weapons/weapon_ace_slam/init.lua,GMod addon loader,static-path-classification,0,retain-candidate,inventory-confirmed
lua/weapons/weapon_ace_slam/shared.lua,lua/weapons/weapon_ace_slam/shared.lua,GMod addon loader,static-path-classification,0,retain-candidate,inventory-confirmed
lua/weapons/weapon_ace_smokegrenade/cl_init.lua,lua/weapons/weapon_ace_smokegrenade/cl_init.lua,GMod addon loader,static-path-classification,0,retain-candidate,inventory-confirmed
lua/weapons/weapon_ace_smokegrenade/init.lua,lua/weapons/weapon_ace_smokegrenade/init.lua,GMod addon loader,static-path-classification,0,retain-candidate,inventory-confirmed
lua/weapons/weapon_ace_smokegrenade/shared.lua,lua/weapons/weapon_ace_smokegrenade/shared.lua,GMod addon loader,static-path-classification,0,retain-candidate,inventory-confirmed
lua/weapons/weapon_ace_stinger/cl_init.lua,lua/weapons/weapon_ace_stinger/cl_init.lua,GMod addon loader,static-path-classification,0,retain-candidate,inventory-confirmed
lua/weapons/weapon_ace_stinger/init.lua,lua/weapons/weapon_ace_stinger/init.lua,GMod addon loader,static-path-classification,0,retain-candidate,inventory-confirmed
lua/weapons/weapon_ace_stinger/shared.lua,lua/weapons/weapon_ace_stinger/shared.lua,GMod addon loader,static-path-classification,5,retain-candidate,review-required
lua/weapons/weapon_ace_tmp/cl_init.lua,lua/weapons/weapon_ace_tmp/cl_init.lua,GMod addon loader,static-path-classification,0,retain-candidate,inventory-confirmed
lua/weapons/weapon_ace_tmp/init.lua,lua/weapons/weapon_ace_tmp/init.lua,GMod addon loader,static-path-classification,0,retain-candidate,inventory-confirmed
lua/weapons/weapon_ace_tmp/shared.lua,lua/weapons/weapon_ace_tmp/shared.lua,GMod addon loader,static-path-classification,0,retain-candidate,inventory-confirmed
lua/weapons/weapon_ace_torch/cl_init.lua,lua/weapons/weapon_ace_torch/cl_init.lua,GMod addon loader,static-path-classification,0,retain-candidate,inventory-confirmed
lua/weapons/weapon_ace_torch/shared.lua,lua/weapons/weapon_ace_torch/shared.lua,GMod addon loader,static-path-classification,0,retain-candidate,inventory-confirmed
lua/weapons/weapon_ace_ump45/cl_init.lua,lua/weapons/weapon_ace_ump45/cl_init.lua,GMod addon loader,static-path-classification,0,retain-candidate,inventory-confirmed
lua/weapons/weapon_ace_ump45/init.lua,lua/weapons/weapon_ace_ump45/init.lua,GMod addon loader,static-path-classification,0,retain-candidate,inventory-confirmed
lua/weapons/weapon_ace_ump45/shared.lua,lua/weapons/weapon_ace_ump45/shared.lua,GMod addon loader,static-path-classification,0,retain-candidate,inventory-confirmed
lua/weapons/weapon_ace_usp/cl_init.lua,lua/weapons/weapon_ace_usp/cl_init.lua,GMod addon loader,static-path-classification,0,retain-candidate,inventory-confirmed
lua/weapons/weapon_ace_usp/init.lua,lua/weapons/weapon_ace_usp/init.lua,GMod addon loader,static-path-classification,0,retain-candidate,inventory-confirmed
lua/weapons/weapon_ace_usp/shared.lua,lua/weapons/weapon_ace_usp/shared.lua,GMod addon loader,static-path-classification,0,retain-candidate,inventory-confirmed
lua/weapons/weapon_ace_xm1014/cl_init.lua,lua/weapons/weapon_ace_xm1014/cl_init.lua,GMod addon loader,static-path-classification,0,retain-candidate,inventory-confirmed
lua/weapons/weapon_ace_xm1014/init.lua,lua/weapons/weapon_ace_xm1014/init.lua,GMod addon loader,static-path-classification,0,retain-candidate,inventory-confirmed
lua/weapons/weapon_ace_xm1014/shared.lua,lua/weapons/weapon_ace_xm1014/shared.lua,GMod addon loader,static-path-classification,0,retain-candidate,inventory-confirmed
lua/weapons/weapon_ace_xm25/cl_init.lua,lua/weapons/weapon_ace_xm25/cl_init.lua,GMod addon loader,static-path-classification,0,retain-candidate,inventory-confirmed
lua/weapons/weapon_ace_xm25/init.lua,lua/weapons/weapon_ace_xm25/init.lua,GMod addon loader,static-path-classification,0,retain-candidate,inventory-confirmed
lua/weapons/weapon_ace_xm25/shared.lua,lua/weapons/weapon_ace_xm25/shared.lua,GMod addon loader,static-path-classification,0,retain-candidate,inventory-confirmed
lua/weapons/weapon_szcreator/cl_init.lua,lua/weapons/weapon_szcreator/cl_init.lua,GMod addon loader,static-path-classification,0,retain-candidate,inventory-confirmed
lua/weapons/weapon_szcreator/init.lua,lua/weapons/weapon_szcreator/init.lua,GMod addon loader,static-path-classification,0,retain-candidate,inventory-confirmed
lua/weapons/weapon_szcreator/shared.lua,lua/weapons/weapon_szcreator/shared.lua,GMod addon loader,static-path-classification,0,retain-candidate,inventory-confirmed
tests/client/ace_namespace_client_probe.lua,tests/client/ace_namespace_client_probe.lua,GMod addon loader,static-path-classification,6,retain-candidate,review-required
tests/gluatest_overrides/lua/autorun/ace_gluatest_guard.lua,tests/gluatest_overrides/lua/autorun/ace_gluatest_guard.lua,GMod addon loader,static-path-classification,0,retain-candidate,inventory-confirmed
tests/headless/ace_namespace_runtime_probe.lua,tests/headless/ace_namespace_runtime_probe.lua,GMod addon loader,static-path-classification,26,retain-candidate,review-required
tests/lua/ace_bullet_filter_selftest.lua,tests/lua/ace_bullet_filter_selftest.lua,GMod addon loader,static-path-classification,1,retain-candidate,review-required
tests/lua/ace_entity_state_luajit_selftest.lua,tests/lua/ace_entity_state_luajit_selftest.lua,GMod addon loader,static-path-classification,6,retain-candidate,review-required
tests/lua/ace_legacy_compatibility_luajit_selftest.lua,tests/lua/ace_legacy_compatibility_luajit_selftest.lua,GMod addon loader,static-path-classification,2,retain-candidate,review-required
tests/lua/ace_missile_launch_luajit_selftest.lua,tests/lua/ace_missile_launch_luajit_selftest.lua,GMod addon loader,static-path-classification,0,retain-candidate,inventory-confirmed
tests/lua/ace_points_invalidation_matrix_luajit_selftest.lua,tests/lua/ace_points_invalidation_matrix_luajit_selftest.lua,GMod addon loader,static-path-classification,8,retain-candidate,review-required
tests/lua/ace_points_model_luajit_selftest.lua,tests/lua/ace_points_model_luajit_selftest.lua,GMod addon loader,static-path-classification,0,retain-candidate,inventory-confirmed
tests/lua/ace_primitive_armor_luajit_selftest.lua,tests/lua/ace_primitive_armor_luajit_selftest.lua,GMod addon loader,static-path-classification,5,retain-candidate,review-required
tests/lua/active_input_persistence_luajit_selftest.lua,tests/lua/active_input_persistence_luajit_selftest.lua,GMod addon loader,static-path-classification,4,retain-candidate,review-required
tests/lua/missile_visclip_selftest.lua,tests/lua/missile_visclip_selftest.lua,GMod addon loader,static-path-classification,0,retain-candidate,inventory-confirmed
