file,line,operation,event,identifier,realm
lua/ace/client/cl_acfballistics.lua,13,Remove,Think,ACE_ManageBulletEffects,client-or-shared
lua/ace/client/cl_acfballistics.lua,14,Add,Think,ACE_ManageBulletEffects,client-or-shared
lua/ace/client/cl_acfpermission.lua,109,Add,SpawnMenuOpen,ACEPermissionsSpawnMenuOpen,client-or-shared
lua/ace/client/cl_acfpermission.lua,116,Add,PopulateToolMenu,ACEPermissionsPopulateToolMenu,client-or-shared
lua/ace/client/cl_acfrender.lua,12,Add,PostDrawOpaqueRenderables,ACE_RenderDamage,client-or-shared
lua/ace/client/cl_soundbase.lua,698,Add,Think,ACE_Think_SpeedOfSound,client-or-shared
lua/ace/client/gui/cl_acfsetpermission.lua,263,Add,SpawnMenuOpen,ACE.SpawnMenuOpen.,client-or-shared
lua/ace/client/gui/cl_acfsetpermission.lua,266,Add,PopulateToolMenu,ACE.PopulateToolMenu.,client-or-shared
lua/ace/server/permissionmodes/acf_pmode_battle.lua,60,Add,PlayerNoClip,ACE_DisableNoclipPressInBattle,server-or-shared
lua/ace/server/sv_acfballistics.lua,290,Run,ACE_OnBulletCreation,ACE.CurBulletIndex,server-or-shared
lua/ace/server/sv_acfballistics.lua,291,Run,ACEOnBulletCreation,ACE.CurBulletIndex,server-or-shared
lua/ace/server/sv_acfballistics.lua,333,Remove,Tick,ACE_ManageBullets,server-or-shared
lua/ace/server/sv_acfballistics.lua,334,Add,Tick,ACE_ManageBullets,server-or-shared
lua/ace/server/sv_acfballistics.lua,348,Run,ACE_OnBulletRemoved,Index,server-or-shared
lua/ace/server/sv_acfballistics.lua,349,Run,ACEOnBulletRemoved,Index,server-or-shared
lua/ace/server/sv_acfballistics.lua,581,Run,ACE_OnBulletPenetrated,Index,server-or-shared
lua/ace/server/sv_acfballistics.lua,582,Run,ACEOnBulletPenetrated,Index,server-or-shared
lua/ace/server/sv_acfballistics.lua,618,Run,ACE_OnBulletRicochet,Index,server-or-shared
lua/ace/server/sv_acfballistics.lua,619,Run,ACEOnBulletRicochet,Index,server-or-shared
lua/ace/server/sv_acfballistics.lua,649,Run,ACE_OnBulletHit,Index,server-or-shared
lua/ace/server/sv_acfballistics.lua,650,Run,ACEOnBulletHit,Index,server-or-shared
lua/ace/server/sv_acfballistics.lua,670,Run,ACE_BulletsFlight,Index,server-or-shared
lua/ace/server/sv_acfbase.lua,42,Add,Think,ACE_RenderPropDamage,server-or-shared
lua/ace/server/sv_acfbase.lua,144,Run,ACE_BulletDamage,Activated,server-or-shared
lua/ace/server/sv_acfbase.lua,170,Run,ACE_OnDamage,Entity,server-or-shared
lua/ace/server/sv_acfbase.lua,171,Run,ACEOnDamage,Entity,server-or-shared
lua/ace/server/sv_acfbase.lua,172,Run,ACEOnDamage,Entity,server-or-shared
lua/ace/server/sv_acfbase.lua,182,Run,PlayerShouldTakeDamage,Target,server-or-shared
lua/ace/server/sv_acfdamage.lua,1056,Run,ACE_KEShove,Target,server-or-shared
lua/ace/server/sv_acfpermission.lua,116,Add,CleanUpMap,ACE_RestoreSZsCleanup,server-or-shared
lua/ace/server/sv_acfpermission.lua,146,Add,Initialize,ACE_LoadSafesForMap,server-or-shared
lua/ace/server/sv_acfpermission.lua,152,Add,ACE_PlayerChangedZone,ACE_TellPlyAboutSafezoneBattle,server-or-shared
lua/ace/server/sv_acfpermission.lua,159,Add,Think,ACE_DetectSZTransition,server-or-shared
lua/ace/server/sv_acfpermission.lua,170,Call,ACE_PlayerChangedZone,GAMEMODE,server-or-shared
lua/ace/server/sv_acfpermission.lua,342,Call,ACE_ProtectionModeChanged,GAMEMODE,server-or-shared
lua/ace/server/sv_acfpermission.lua,416,Call,ACE_ProtectionModeChanged,GAMEMODE,server-or-shared
lua/ace/server/sv_acfpermission.lua,434,Add,ACE_ProtectionModeChanged,ACE_TellPlysAboutDPMode,server-or-shared
lua/ace/server/sv_acfpermission.lua,512,Add,ACE_BulletDamage,ACE_DamagePermissionCore,server-or-shared
lua/ace/server/sv_acfpermission.lua,584,Add,PlayerDisconnected,ACE_PermissionDisconnect,server-or-shared
lua/ace/server/sv_acfpermission.lua,686,Add,ACE_ProtectionModeChanged,ACE_ResendPermissionsOnChanged,server-or-shared
lua/ace/server/sv_acfpermission.lua,704,Call,ACE_ProtectionModeChanged,GAMEMODE,server-or-shared
lua/ace/server/sv_contraption.lua,107,Add,OnEntityCreated,ACE_EntRegister,server-or-shared
lua/ace/server/sv_contraption.lua,163,Add,EntityRemoved,ACE_EntRemoval,server-or-shared
lua/ace/server/sv_contraption.lua,326,Add,AdvDupe_FinishPasting,ACE_refresh,server-or-shared
lua/ace/server/sv_contraptionlegality.lua,352,Run,ACE_OnContraptionsPointsInvalidated,event,server-or-shared
lua/ace/server/sv_contraptionlegality.lua,527,Add,cfw.contraption.created,ACE_InitPoints,server-or-shared
lua/ace/server/sv_contraptionlegality.lua,528,Add,cfw.family.created,ACE_InitFamilyMass,server-or-shared
lua/ace/server/sv_contraptionlegality.lua,531,Add,cfw.family.added,ACE_RecoverFamilyMassOnAdd,server-or-shared
lua/ace/server/sv_contraptionlegality.lua,534,Add,cfw.family.subbed,ACE_RecoverFamilyMassOnRemove,server-or-shared
lua/ace/server/sv_contraptionlegality.lua,548,Add,cfw.contraption.split,ACE_InheritPointWarning,server-or-shared
lua/ace/server/sv_contraptionlegality.lua,564,Add,cfw.contraption.merged,ACE_InvalidateMergedContraptions,server-or-shared
lua/ace/server/sv_contraptionlegality.lua,577,Add,cfw.contraption.removed,ACE_ContraptionRemoving,server-or-shared
lua/ace/server/sv_contraptionlegality.lua,734,Add,cfw.contraption.entityAdded,ACE_AddPoints,server-or-shared
lua/ace/server/sv_contraptionlegality.lua,737,Add,cfw.contraption.entityRemoved,ACE_RemPoints,server-or-shared
lua/ace/server/sv_contraptionlegality.lua,847,Add,ProperClippingPhysicsClipped,ACE_ProperClippingArmorChanged,server-or-shared
lua/ace/server/sv_contraptionlegality.lua,848,Add,ProperClippingPhysicsReset,ACE_ProperClippingArmorReset,server-or-shared
lua/ace/server/sv_contraptionlegality.lua,873,Add,PlayerFrozeObject,ACE_PointsFreezeInvalidation,server-or-shared
lua/ace/server/sv_contraptionlegality.lua,877,Add,PlayerUnfrozeObject,ACE_PointsUnfreezeInvalidation,server-or-shared
lua/ace/server/sv_contraptionlegality.lua,881,Add,PlayerEnteredVehicle,ACE_PointsVehicleUnfreezeInvalidation,server-or-shared
lua/ace/server/sv_pointshandling.lua,161,Run,ACE_OnContraptionPointsRecalculated,con,server-or-shared
lua/ace/server/sv_pointshandling.lua,254,Run,ACE_OnContraptionPointsInvalidated,con,server-or-shared
lua/ace/server/sv_pointshandling.lua,388,Run,ACE_OnContraptionPointsRecalculated,con,server-or-shared
lua/ace/server/sv_pointshandling.lua,433,Add,Think,ACE_FlushQueuedPointChanges,server-or-shared
lua/ace/shared/compatibility/cppiCompatibility.lua,60,Run,CPPIAssignOwnership,Player,shared-or-unknown
lua/ace/shared/compatibility/cppiCompatibility.lua,71,Run,CanTool,Player,shared-or-unknown
lua/ace/shared/compatibility/cppiCompatibility.lua,74,Run,PhysgunPickup,Player,shared-or-unknown
lua/ace/shared/compatibility/cppiCompatibility.lua,75,Run,GravGunPickupAllowed,Player,shared-or-unknown
lua/ace/shared/compatibility/cppiCompatibility.lua,76,Run,GravGunPunt,Player,shared-or-unknown
lua/ace/shared/compatibility/cppiCompatibility.lua,77,Run,PlayerUse,Player,shared-or-unknown
lua/ace/shared/compatibility/cppiCompatibility.lua,78,Run,EntityTakeDamage,self,shared-or-unknown
lua/ace/shared/compatibility/cppiCompatibility.lua,79,Run,CanDrive,Player,shared-or-unknown
lua/ace/shared/compatibility/cppiCompatibility.lua,80,Run,CanProperty,Player,shared-or-unknown
lua/ace/shared/compatibility/cppiCompatibility.lua,81,Run,CanEditVariable,self,shared-or-unknown
lua/ace/shared/compatibility/cppiCompatibility.lua,93,Add,PlayerAuthed,ACE_CPPI,shared-or-unknown
lua/ace/shared/compatibility/cppiCompatibility.lua,131,Add,PlayerSpawnedNPC,ACE_CPPI,shared-or-unknown
lua/ace/shared/compatibility/cppiCompatibility.lua,132,Add,PlayerSpawnedSENT,ACE_CPPI,shared-or-unknown
lua/ace/shared/compatibility/cppiCompatibility.lua,133,Add,PlayerSpawnedSWEP,ACE_CPPI,shared-or-unknown
lua/ace/shared/compatibility/cppiCompatibility.lua,134,Add,PlayerSpawnedVehicle,ACE_CPPI,shared-or-unknown
lua/ace/shared/compatibility/cppiCompatibility.lua,136,Add,PlayerSpawnedEffect,ACE_CPPI,shared-or-unknown
lua/ace/shared/compatibility/cppiCompatibility.lua,137,Add,PlayerSpawnedProp,ACE_CPPI,shared-or-unknown
lua/ace/shared/compatibility/cppiCompatibility.lua,138,Add,PlayerSpawnedRagdoll,ACE_CPPI,shared-or-unknown
lua/ace/shared/sh_ace_functions.lua,781,Add,cfw.contraption.removed,ACE_IndexTracking_ContraptionRemoved,shared-or-unknown
lua/ace/shared/sh_ace_functions.lua,782,Add,cfw.contraption.merged,ACE_IndexTracking_ContraptionMerged,shared-or-unknown
lua/ace/shared/sh_ace_functions.lua,973,Add,EntityRemoved,ACE_ClearArmorPointCache,shared-or-unknown
lua/autorun/ace_entity_aliases.lua,43,Add,Initialize,ACE_RegisterEntityAliases,shared-or-unknown
lua/autorun/ace_entity_aliases.lua,44,Add,InitPostEntity,ACE_RegisterEntityAliases,shared-or-unknown
lua/autorun/acf_globals.lua,504,Add,AddToolMenuTabs,CreateACECategory,shared-or-unknown
lua/autorun/acf_globals.lua,521,Add,Think,ACE_InternalClock,shared-or-unknown
lua/autorun/acf_globals.lua,572,Add,PlayerInitialSpawn,ACE_RenderDamageInitialSpawn,shared-or-unknown
lua/autorun/client/cl_ace_surveymessage.lua,14,Add,CreateMove,ACE Survey,client-or-shared
lua/autorun/client/cl_ace_surveymessage.lua,19,Remove,CreateMove,ACE Survey,client-or-shared
lua/autorun/client/cl_ace_vignette.lua,9,Add,Think,ACE_VignetteFade,client-or-shared
lua/autorun/client/cl_ace_vignette.lua,20,Add,HUDPaint,ACE_VignetteDraw,client-or-shared
lua/autorun/server/sv_ace_primitive_compat.lua,208,Add,Primitive_PreRebuildPhysics,ACE_RememberPrimitiveCollisionGroup,server-or-shared
lua/autorun/server/sv_ace_primitive_compat.lua,217,Add,Primitive_PostRebuildPhysics,ACE_PrimitiveArmorRecalc,server-or-shared
lua/autorun/server/sv_ace_primitive_compat.lua,247,Add,ProperClippingClipAdded,ACE_RememberClipCollisionGroup,server-or-shared
lua/autorun/server/sv_ace_primitive_compat.lua,248,Add,ProperClippingPhysicsClipped,ACE_PhysicsClippedArmorRecalc,server-or-shared
lua/autorun/server/sv_ace_primitive_compat.lua,249,Add,ProperClippingPhysicsReset,ACE_PhysicsResetArmorRecalc,server-or-shared
lua/autorun/server/sv_ace_primitive_compat.lua,251,Add,AdvDupe_FinishPasting,ACE_CapturePrimitiveArmor,server-or-shared
lua/autorun/server/sv_ace_primitive_compat.lua,274,Add,EntityRemoved,ACE_ClearPrimitiveArmorState,server-or-shared
lua/autorun/server/sv_acf_missiles.lua,239,Add,InitPostEntity,ACE_Missiles_DupeDeny,server-or-shared
lua/autorun/server/sv_acf_missiles.lua,248,Add,InitPostEntity,ACE_Missiles_AddLinkable,server-or-shared
lua/autorun/sh_ace_workarounds.lua,57,Remove,CalcVehicleView,ACE_VehicleViewOverride,shared-or-unknown
lua/autorun/sh_ace_workarounds.lua,58,Add,CalcVehicleView,ACE_VehicleViewOverride,shared-or-unknown
lua/cfw/extensions/ace_sv.lua,10,Add,cfw.contraption.created,CFW_ACE_BulletFilter,shared-or-unknown
lua/cfw/extensions/ace_sv.lua,14,Add,cfw.contraption.entityAdded,CFW_ACE_Entities,shared-or-unknown
lua/cfw/extensions/ace_sv.lua,29,Add,cfw.contraption.entityRemoved,CFW_ACE_BulletFilter,shared-or-unknown
lua/cfw/extensions/ace_sv.lua,43,Add,cfw.contraption.entityRemoved,CFW_ACE_Entities,shared-or-unknown
lua/entities/ace_mine/init.lua,148,Add,PlayerInitialSpawn,ACE_InitPlayerMineCounter,server-or-shared
lua/entities/ace_mine/init.lua,157,Add,PlayerDisconnected,Playerleave,server-or-shared
lua/entities/ace_missile/init.lua,718,Run,ACE_BulletDamage,_,server-or-shared
lua/entities/ace_missile/init.lua,783,Add,PhysgunPickup,DisallowPhysgunMissiles,server-or-shared
lua/entities/ace_scalability/cl_init.lua,132,Remove,InitPostEntity,ACE_RefreshScalables,shared-or-unknown
lua/entities/ace_scalability/cl_init.lua,133,Add,InitPostEntity,ACE_RefreshScalables,shared-or-unknown
lua/entities/ace_scalability/cl_init.lua,178,Remove,NetworkEntityCreated,ACE_RefreshScalables_FullUpdate,shared-or-unknown
lua/entities/ace_scalability/cl_init.lua,179,Add,NetworkEntityCreated,ACE_RefreshScalables_FullUpdate,shared-or-unknown
lua/entities/ace_scalability/init.lua,190,Add,AdvDupe_FinishPasting,ACE Parented Scalable Ent Fix,server-or-shared
lua/entities/acf_ammo/init.lua,279,Run,ACE_AmmoExplode,self,server-or-shared
lua/entities/acf_explosive/init.lua,30,Run,ACE_AmmoExplode,self,server-or-shared
lua/entities/acf_fueltank/init.lua,112,Run,ACE_FuelExplode,self,server-or-shared
lua/entities/acf_fueltank/init.lua,131,Run,ACE_FuelExplode,self,server-or-shared
lua/entities/acf_gun/init.lua,952,Run,ACE_FireShell,self,server-or-shared
lua/entities/acf_rack/init.lua,203,Call,ACE_RackCreate,nil,server-or-shared
lua/tests/ace/invalidation_hooks.lua,41,Add,ACE_OnContraptionsPointsInvalidated,hookName,shared-or-unknown
lua/tests/ace/invalidation_hooks.lua,50,Remove,ACE_OnContraptionsPointsInvalidated,hookName,shared-or-unknown
lua/tests/ace/invalidation_hooks.lua,65,Add,ACE_OnContraptionsPointsInvalidated,hookName,shared-or-unknown
lua/tests/ace/invalidation_hooks.lua,72,Add,ACE_OnContraptionPointsInvalidated,hookName,shared-or-unknown
lua/tests/ace/invalidation_hooks.lua,75,Add,ACE_OnContraptionPointsRecalculated,hookName,shared-or-unknown
lua/tests/ace/invalidation_hooks.lua,98,Remove,ACE_OnContraptionsPointsInvalidated,hookName,shared-or-unknown
lua/tests/ace/invalidation_hooks.lua,99,Remove,ACE_OnContraptionPointsInvalidated,hookName,shared-or-unknown
lua/tests/ace/invalidation_hooks.lua,100,Remove,ACE_OnContraptionPointsRecalculated,hookName,shared-or-unknown
lua/tests/ace/invalidation_hooks.lua,133,Add,ACE_OnContraptionsPointsInvalidated,hookName,shared-or-unknown
lua/tests/ace/invalidation_hooks.lua,146,Remove,ACE_OnContraptionsPointsInvalidated,hookName,shared-or-unknown
lua/tests/ace/invalidation_hooks.lua,169,Add,ACE_OnContraptionsPointsInvalidated,hookName,shared-or-unknown
lua/tests/ace/invalidation_hooks.lua,178,Remove,ACE_OnContraptionsPointsInvalidated,hookName,shared-or-unknown
lua/weapons/weapon_ace_base/cl_ace_spawnmenu.lua,14,Add,PopulateWeapons,AddWeaponContentACESweps,shared-or-unknown
lua/weapons/weapon_ace_minedetector/cl_init.lua,442,Add,HUDPaint,ACE_MineDetector_HUD,shared-or-unknown
tests/client/ace_namespace_client_probe.lua,157,Add,InitPostEntity,ACE_NamespaceClientProbe,client-or-shared
tests/gluatest_overrides/lua/autorun/ace_gluatest_guard.lua,4,Add,GLuaTest_Finished,ACE_NativeSuiteGuard,shared-or-unknown
tests/headless/ace_namespace_runtime_probe.lua,44,Add,ACEOnBulletCreation,ACE_NamespaceRuntimeProbe_BulletCreation,shared-or-unknown
tests/headless/ace_namespace_runtime_probe.lua,47,Add,ACEOnBulletRemoved,ACE_NamespaceRuntimeProbe_BulletRemoved,shared-or-unknown
tests/headless/ace_namespace_runtime_probe.lua,50,Add,ACEOnBulletPenetrated,ACE_NamespaceRuntimeProbe_BulletPenetrated,shared-or-unknown
tests/headless/ace_namespace_runtime_probe.lua,53,Add,ACEOnBulletRicochet,ACE_NamespaceRuntimeProbe_BulletRicochet,shared-or-unknown
tests/headless/ace_namespace_runtime_probe.lua,56,Add,ACEOnBulletHit,ACE_NamespaceRuntimeProbe_BulletHit,shared-or-unknown
tests/headless/ace_namespace_runtime_probe.lua,89,Remove,ACEOnBulletCreation,ACE_NamespaceRuntimeProbe_BulletCreation,shared-or-unknown
tests/headless/ace_namespace_runtime_probe.lua,90,Remove,ACEOnBulletRemoved,ACE_NamespaceRuntimeProbe_BulletRemoved,shared-or-unknown
tests/headless/ace_namespace_runtime_probe.lua,91,Remove,ACEOnBulletPenetrated,ACE_NamespaceRuntimeProbe_BulletPenetrated,shared-or-unknown
tests/headless/ace_namespace_runtime_probe.lua,92,Remove,ACEOnBulletRicochet,ACE_NamespaceRuntimeProbe_BulletRicochet,shared-or-unknown
tests/headless/ace_namespace_runtime_probe.lua,93,Remove,ACEOnBulletHit,ACE_NamespaceRuntimeProbe_BulletHit,shared-or-unknown
tests/headless/ace_namespace_runtime_probe.lua,94,Remove,InitPostEntity,ACE_NamespaceRuntimeProbe,shared-or-unknown
tests/headless/ace_namespace_runtime_probe.lua,95,Remove,GLuaTest_Finished,ACE_NamespaceRuntimeProbe,shared-or-unknown
tests/headless/ace_namespace_runtime_probe.lua,118,Add,InitPostEntity,ACE_NamespaceRuntimeProbe,shared-or-unknown
tests/headless/ace_namespace_runtime_probe.lua,354,Add,GLuaTest_Finished,ACE_NamespaceRuntimeProbe,shared-or-unknown
tests/lua/ace_points_invalidation_matrix_luajit_selftest.lua,99,Add,ACE_OnContraptionsPointsInvalidated,matrix-batch,shared-or-unknown
tests/lua/ace_points_invalidation_matrix_luajit_selftest.lua,102,Add,ACE_OnContraptionPointsInvalidated,matrix-compat,shared-or-unknown
tests/lua/ace_points_invalidation_matrix_luajit_selftest.lua,105,Add,ACE_OnContraptionPointsRecalculated,matrix-recalculated,shared-or-unknown
tests/lua/ace_points_invalidation_matrix_luajit_selftest.lua,725,Add,ACE_OnContraptionsPointsInvalidated,matrix-reentrant,shared-or-unknown
tests/lua/ace_primitive_armor_luajit_selftest.lua,6,Add,event,name,shared-or-unknown
